-- Generation time: Fri, 03 Jul 2020 19:27:27 +0000
-- Host: mysql.hostinger.ro
-- DB name: u574849695_25
/*!40030 SET NAMES UTF8 */;
/*!40101 SET @OLD_CHARACTER_SET_CLIENT=@@CHARACTER_SET_CLIENT */;
/*!40101 SET @OLD_CHARACTER_SET_RESULTS=@@CHARACTER_SET_RESULTS */;
/*!40101 SET @OLD_COLLATION_CONNECTION=@@COLLATION_CONNECTION */;
/*!40103 SET @OLD_TIME_ZONE=@@TIME_ZONE */;
/*!40103 SET TIME_ZONE='+00:00' */;
/*!40014 SET @OLD_UNIQUE_CHECKS=@@UNIQUE_CHECKS, UNIQUE_CHECKS=0 */;
/*!40014 SET @OLD_FOREIGN_KEY_CHECKS=@@FOREIGN_KEY_CHECKS, FOREIGN_KEY_CHECKS=0 */;
/*!40101 SET @OLD_SQL_MODE=@@SQL_MODE, SQL_MODE='NO_AUTO_VALUE_ON_ZERO' */;
/*!40111 SET @OLD_SQL_NOTES=@@SQL_NOTES, SQL_NOTES=0 */;

DROP DATABASE IF EXISTS wildberries;
CREATE DATABASE wildberries;
USE wildberries;

DROP TABLE IF EXISTS `users`;
CREATE TABLE `users` (
  `id` bigint(20) unsigned NOT NULL AUTO_INCREMENT,
  `firstname` varchar(50) COLLATE utf8_unicode_ci DEFAULT NULL,
  `lastname` varchar(50) COLLATE utf8_unicode_ci DEFAULT NULL,
  `email` varchar(120) COLLATE utf8_unicode_ci DEFAULT NULL,
  `phone` bigint(20) NOT NULL,
  `created_at` datetime DEFAULT current_timestamp(),
  `updated_at` datetime DEFAULT current_timestamp() ON UPDATE current_timestamp(),
  PRIMARY KEY (`id`),
  UNIQUE KEY `email` (`email`),
  KEY `users_phone_idx` (`phone`),
  KEY `users_firstname_lastname_idx` (`firstname`,`lastname`)
) ENGINE=InnoDB AUTO_INCREMENT=101 DEFAULT CHARSET=utf8 COLLATE=utf8_unicode_ci;

INSERT INTO `users` VALUES ('1','Reina','Turcotte','ecarter@example.org','577676','1997-12-17 19:37:06','2009-03-21 20:22:50'),
('2','Kyleigh','Homenick','grimes.kailey@example.net','0','2017-04-29 05:38:57','1994-10-09 03:31:46'),
('3','Carolyn','Hills','tgrant@example.org','652','1977-03-21 04:46:18','2008-03-06 10:23:57'),
('4','Roy','Hahn','mgerhold@example.net','1','1974-04-13 17:00:08','2009-03-07 23:38:56'),
('5','Marcel','Harber','stiedemann.breana@example.com','518','1988-03-21 19:31:35','1990-02-03 22:51:57'),
('6','Reyna','Kemmer','fisher.elinore@example.net','670523','1985-06-20 22:10:32','1981-09-07 03:04:31'),
('7','Aditya','Kub','lakin.jazlyn@example.com','523132','2000-12-14 18:20:27','2008-08-01 19:09:57'),
('8','Amaya','Rosenbaum','kreiger.estella@example.net','1','2009-07-06 06:21:04','2015-01-07 09:31:35'),
('9','Shanelle','O\'Hara','dharber@example.com','0','1980-10-05 11:28:52','2009-07-07 22:41:37'),
('10','Stefanie','Eichmann','charlene.weissnat@example.net','0','2016-03-13 14:57:54','1986-04-20 12:17:24'),
('11','Nelson','Sipes','jernser@example.net','0','2006-11-10 09:13:36','1972-11-16 12:47:01'),
('12','Gabriella','Berge','eda71@example.com','0','2009-12-23 18:18:59','1975-08-23 03:36:41'),
('13','Clay','Jacobson','dakota44@example.net','919060','2014-02-21 04:16:27','2019-06-28 10:57:06'),
('14','Virginia','Kutch','wilfred.parker@example.org','899','2005-08-20 12:48:46','1980-05-29 02:10:30'),
('15','Toney','Mertz','crist.lon@example.org','133','1978-05-04 02:26:06','2013-02-18 16:32:34'),
('16','Micaela','Schneider','irutherford@example.net','615','1992-06-12 07:59:28','1989-09-15 02:37:51'),
('17','Stacey','Zulauf','kuhic.lexi@example.com','61','1981-08-08 05:21:06','1997-06-05 23:48:18'),
('18','Carlie','Koelpin','graham.myles@example.org','877734','1992-04-03 03:47:09','1994-10-13 07:20:00'),
('19','Nasir','Heller','xkessler@example.com','0','2011-03-30 19:02:10','2002-11-17 01:14:33'),
('20','Zoey','Hamill','evert13@example.org','469742','2020-05-08 12:26:27','1991-06-05 08:49:53'),
('21','Kirsten','Doyle','sally.oberbrunner@example.org','2669357452','1994-02-17 04:04:49','1971-11-22 06:09:00'),
('22','Ellie','Hackett','sallie96@example.org','0','2010-05-05 17:26:08','2019-11-25 21:13:56'),
('23','Mercedes','Ledner','ritchie.vincenzo@example.org','361','1997-03-15 11:36:15','1972-03-04 00:45:21'),
('24','Marlin','Luettgen','steuber.jacinto@example.net','140','2012-10-05 15:14:41','1982-09-30 16:00:22'),
('25','Davion','Von','leonardo.witting@example.com','4373888868','1990-06-30 14:20:50','1971-02-05 00:17:01'),
('26','Noemy','Jaskolski','upton.kieran@example.org','0','1998-11-21 14:54:42','2010-07-18 21:13:41'),
('27','Hilma','Mosciski','akautzer@example.com','863','1970-10-10 09:21:05','1984-10-03 04:30:32'),
('28','Lenora','Doyle','jalen90@example.net','990876','1972-03-20 07:07:25','1984-11-04 01:46:13'),
('29','Ottilie','Wunsch','carmine.boyer@example.com','0','1973-01-20 18:17:43','2014-07-05 22:10:27'),
('30','Velda','Dicki','mathew.reynolds@example.org','1','1989-08-10 15:54:32','1980-01-15 22:19:33'),
('31','Alexie','Gottlieb','imarks@example.org','37','2017-10-15 03:50:39','2009-08-06 10:28:08'),
('32','Genesis','Nitzsche','romaine40@example.org','1','1982-01-02 10:57:52','1996-01-14 06:56:08'),
('33','Margot','Kilback','riley93@example.net','29','1983-10-04 19:28:10','1992-08-05 21:01:02'),
('34','Seth','Nienow','koelpin.virgil@example.org','740172','1984-02-24 11:33:23','2003-10-18 04:14:14'),
('35','Wayne','Moore','parker.marguerite@example.net','0','2010-09-27 22:55:42','1971-12-17 13:35:47'),
('36','Martine','Mayer','wzboncak@example.com','77','1971-09-01 07:41:21','1990-04-05 23:51:30'),
('37','Efrain','Konopelski','rprosacco@example.net','1','1996-05-01 04:14:13','1982-03-19 16:56:02'),
('38','Kyleigh','Ziemann','xmills@example.com','0','1973-08-04 18:14:19','2019-05-12 20:00:29'),
('39','Skyla','Pollich','bemard@example.com','8024140270','1971-02-26 16:00:22','1999-10-12 04:45:00'),
('40','Neva','Frami','aufderhar.amaya@example.com','72','1998-09-27 18:31:05','2017-10-26 20:01:11'),
('41','Isabelle','Lueilwitz','chanel97@example.com','465','2000-02-05 17:57:04','1994-11-26 15:28:22'),
('42','Ottis','Heathcote','tremblay.keeley@example.net','16','2007-11-27 07:21:40','1977-09-24 01:51:53'),
('43','Clarissa','Prosacco','bechtelar.joesph@example.net','134','1974-07-01 05:58:00','2013-05-18 09:04:24'),
('44','Beulah','Howe','gibson.susanna@example.com','0','1975-10-13 12:36:05','2009-02-20 13:06:48'),
('45','Jalen','Schumm','lwehner@example.org','854643','1991-12-05 16:55:10','1978-11-12 20:17:37'),
('46','Crystel','Greenfelder','judson53@example.net','182','1975-07-19 04:24:04','2007-10-09 19:24:00'),
('47','Omer','Durgan','fisher.precious@example.net','0','1987-07-21 01:23:43','2005-07-15 12:12:47'),
('48','Lilian','Leuschke','jaron69@example.org','1','1986-06-12 02:51:10','2002-04-03 05:59:24'),
('49','Allison','Parker','kilback.lessie@example.org','1','1971-08-15 15:57:21','1970-09-12 23:06:57'),
('50','Meredith','Mertz','ld\'amore@example.com','919408','2000-10-12 22:51:28','2020-04-24 08:53:40'),
('51','Stephany','Mitchell','sauer.jamel@example.org','46','1999-11-12 08:30:09','2011-12-08 20:18:29'),
('52','Carissa','Hermiston','xhoppe@example.com','0','2007-04-03 15:14:25','1993-01-05 12:35:11'),
('53','Ferne','Dietrich','xschinner@example.org','718116','1987-10-31 08:24:43','1980-01-20 21:55:46'),
('54','Gillian','Swift','llittle@example.net','571879','1985-01-27 21:27:24','1983-12-28 14:24:20'),
('55','Elissa','Funk','koelpin.imogene@example.net','1','2009-09-21 07:02:22','2019-02-22 09:42:56'),
('56','Dena','Jast','johathan21@example.org','610206','1986-12-19 07:33:43','1991-10-04 18:04:20'),
('57','Lilla','Johns','runolfsson.icie@example.net','1','1972-03-11 21:05:19','1996-08-30 07:45:28'),
('58','Tressie','Reilly','vbeer@example.com','358','1980-10-20 05:08:42','2010-11-06 06:03:00'),
('59','Loyal','Nicolas','emelia.hodkiewicz@example.org','0','1976-03-14 06:28:56','1982-02-08 05:54:15'),
('60','Anibal','Wuckert','yvette86@example.org','0','1980-12-13 01:11:43','1984-02-07 19:00:02'),
('61','Lempi','Jones','rhills@example.org','33','1996-05-09 14:54:41','1990-06-05 07:50:34'),
('62','Missouri','Bahringer','coty.flatley@example.com','0','2008-12-18 16:35:49','1998-11-02 09:16:22'),
('63','Corine','Goodwin','juwan34@example.org','815987','2006-10-07 04:01:49','2018-02-06 14:21:52'),
('64','Geovanni','Shanahan','hamill.renee@example.net','695085','1987-03-21 04:37:49','2009-09-04 12:39:30'),
('65','Kailee','Jones','maureen.tremblay@example.net','112','1977-07-03 06:05:37','1982-08-19 07:19:09'),
('66','Rhoda','Cormier','julia14@example.net','99','1975-12-14 21:14:15','1979-06-09 00:39:31'),
('67','Rusty','Murphy','oboyer@example.com','679','1978-04-17 03:08:19','1996-11-21 06:45:43'),
('68','Margaretta','Block','proob@example.com','1','1978-04-06 01:22:50','1987-10-18 21:27:22'),
('69','Eugenia','Rosenbaum','dell52@example.com','0','1972-07-08 01:50:13','2002-04-21 22:06:59'),
('70','Freddie','Crist','bradtke.tierra@example.com','19','2014-07-29 18:35:43','1974-02-06 16:50:32'),
('71','Camren','Barton','rfarrell@example.net','3905345993','1977-03-21 08:29:49','1982-04-15 08:23:00'),
('72','Nels','Swift','camila.gislason@example.org','77','1986-11-08 08:19:43','1970-10-26 16:23:20'),
('73','Bridget','Gottlieb','melvina14@example.net','0','1993-08-18 16:16:31','1970-07-27 07:22:50'),
('74','Alfonso','Ondricka','carol56@example.org','623096','2002-06-27 17:02:10','1986-12-22 20:06:36'),
('75','Mossie','Pollich','renner.albertha@example.org','1','1989-08-10 05:30:23','1987-08-11 18:55:16'),
('76','Lessie','Bergstrom','hyman49@example.org','826','2003-04-02 17:58:22','1995-03-29 16:13:04'),
('77','Amber','Miller','rudy73@example.com','281608','1996-09-02 19:23:36','2012-08-26 23:54:39'),
('78','Will','Haley','urice@example.net','1','1986-12-07 00:11:06','2011-04-28 19:11:44'),
('79','Mackenzie','Bartoletti','nelle.ernser@example.org','918231','2017-10-12 15:20:23','2006-06-28 10:24:44'),
('80','Gregoria','Wyman','kaya.casper@example.net','46','1971-12-03 23:17:16','1991-10-23 07:06:05'),
('81','Marielle','Spinka','balistreri.dorris@example.net','0','1996-10-03 02:01:35','2008-06-16 18:30:42'),
('82','Colleen','Bosco','moshe.armstrong@example.net','0','1992-04-10 03:18:23','1982-08-28 18:09:30'),
('83','Amelia','Doyle','amari.parker@example.org','446596','1992-07-19 23:12:22','2009-11-04 06:23:58'),
('84','John','Douglas','epfannerstill@example.org','1','2012-07-14 11:50:48','2010-01-03 21:43:39'),
('85','Dixie','O\'Reilly','dlarkin@example.net','0','2019-04-02 19:08:45','1988-10-06 17:13:35'),
('86','Hershel','Hane','gabrielle.gutmann@example.net','73','1997-09-17 06:56:29','2005-11-03 14:35:52'),
('87','Wilfredo','Steuber','wiza.lila@example.net','0','1999-08-11 02:21:31','2013-02-17 16:11:36'),
('88','Alison','Herzog','dbailey@example.net','80','2012-05-08 03:28:18','2001-06-30 00:43:51'),
('89','Ellen','Gaylord','vincenza.purdy@example.org','69','2000-06-24 10:21:57','1999-07-27 11:29:47'),
('90','Kylie','Kirlin','sigmund05@example.com','87','1979-10-07 19:38:16','2012-07-24 19:40:48'),
('91','Watson','Johnson','scotty27@example.com','1','2012-07-09 12:39:28','2003-08-28 01:22:56'),
('92','Icie','Hansen','carlee09@example.net','478629','2013-07-02 16:03:59','1997-03-01 17:43:35'),
('93','Ferne','Cruickshank','elissa.abshire@example.net','308416','2019-11-19 20:06:53','2019-03-05 07:16:50'),
('94','Derrick','Klein','janie82@example.net','0','1996-11-06 00:01:08','1985-10-22 11:16:26'),
('95','Elwyn','McCullough','manuel.effertz@example.com','1','1994-05-05 10:11:42','1998-10-01 18:52:09'),
('96','Jamir','Gleichner','allan.beier@example.com','228','1980-08-15 03:33:21','2012-02-17 16:43:23'),
('97','Maxwell','Murazik','dallas.gorczany@example.net','1','1972-07-23 01:47:56','1970-03-09 19:42:36'),
('98','Donavon','Baumbach','landen.goodwin@example.org','173768','1993-12-07 05:19:55','2003-12-26 23:08:53'),
('99','Herminio','Cassin','awill@example.org','1','2010-10-12 01:24:51','1997-09-03 22:47:23'),
('100','Madilyn','Turner','oberbrunner.taylor@example.org','1','1979-01-08 22:08:02','2002-09-05 18:19:34'); 



DROP TABLE IF EXISTS `delivery`;
CREATE TABLE `delivery` (
  `id` bigint(20) unsigned NOT NULL AUTO_INCREMENT,
  `type` enum('доставка в пункт самовывоза','доставка курьером','доставка почтой') COLLATE utf8_unicode_ci DEFAULT NULL,
  `pickup_point` enum('пункт 1','пункт 2','пункт 3','пункт 4','пункт 5','адрес покупателя') COLLATE utf8_unicode_ci DEFAULT NULL,
  `address` varchar(100) COLLATE utf8_unicode_ci DEFAULT NULL,
  `price` bigint(20) unsigned NOT NULL,
  `date` date DEFAULT NULL,
  `status` enum('доставлен','сборка заказа','заказ готов к доставке','в пути','отменен') COLLATE utf8_unicode_ci DEFAULT NULL,
  PRIMARY KEY (`id`),
  KEY `type_idx` (`type`)
) ENGINE=InnoDB AUTO_INCREMENT=101 DEFAULT CHARSET=utf8 COLLATE=utf8_unicode_ci;

INSERT INTO `delivery` VALUES ('1','доставка курьером','пункт 2','48270 Gibson Track Suite 852\nPort Riley, UT 85940','13','1998-12-25','в пути'),
('2','доставка курьером','пункт 4','589 Edgar Mountains\nBrekkefort, AK 18197','9991230','2000-05-30','доставлен'),
('3','доставка в пункт самовывоза','адрес покупателя','88889 Grady Island Apt. 854\nStaceymouth, SC 40876','4145115','1974-05-09','в пути'),
('4','доставка почтой','пункт 4','1978 Julio Prairie Apt. 175\nSouth Rebekahstad, NE 23575-1627','267','2020-02-10','заказ готов к доставке'),
('5','доставка в пункт самовывоза','пункт 1','45022 Oberbrunner Island Apt. 528\nLake Titus, NY 06363-2771','35481','1981-09-12','доставлен'),
('6','доставка курьером','пункт 5','5186 Letha Terrace\nFerryview, SC 70164','43','2018-04-30','сборка заказа'),
('7','доставка почтой','адрес покупателя','1630 Hiram Manors\nSouth Wilfred, NJ 22482-1326','1256523','1998-10-17','заказ готов к доставке'),
('8','доставка курьером','адрес покупателя','88959 Anderson Stream\nWhitechester, GA 50720','955','1982-12-05','в пути'),
('9','доставка почтой','пункт 1','2730 Nader Islands Apt. 986\nLake Lura, NE 83132-5577','1634','1999-10-13','доставлен'),
('10','доставка в пункт самовывоза','пункт 5','048 Alyce Lake Apt. 864\nEast Karlie, WV 96334','269816','1970-12-21','отменен'),
('11','доставка в пункт самовывоза','пункт 2','220 Daniel Forge Suite 044\nEstellemouth, MA 10803-7323','0','2009-06-08','сборка заказа'),
('12','доставка в пункт самовывоза','пункт 5','676 Diamond Haven\nNew Vladimirbury, AZ 06560-2779','6330101','1991-11-01','доставлен'),
('13','доставка почтой','пункт 3','546 Miller Ferry Suite 340\nEthylmouth, KY 71156','5','1983-10-16','доставлен'),
('14','доставка курьером','пункт 3','0248 Hammes Harbors\nNew Donnellton, GA 36849','1700','2018-02-17','заказ готов к доставке'),
('15','доставка почтой','пункт 5','80318 Christiansen Trail\nAgustinview, WY 34459-5417','1','2016-10-10','доставлен'),
('16','доставка почтой','пункт 5','71558 Marquis Shoal\nSamantaborough, WA 93658','0','2007-09-29','отменен'),
('17','доставка почтой','пункт 5','9289 Roberts Park Suite 706\nPort Melody, DC 01559','5','1984-11-17','в пути'),
('18','доставка почтой','пункт 3','53477 Veum Tunnel Suite 730\nHeidenreichland, WV 05506-1221','60368479','2013-09-15','сборка заказа'),
('19','доставка в пункт самовывоза','пункт 4','841 Weber Forest\nSouth Virginia, LA 65221-2416','415604857','1993-06-20','сборка заказа'),
('20','доставка в пункт самовывоза','пункт 3','7274 Langosh Lake\nJudgeport, FL 89589','13727','1988-02-28','отменен'),
('21','доставка в пункт самовывоза','пункт 4','534 Julie Points\nEast Kentown, FL 05432-5262','42750980','2006-03-10','отменен'),
('22','доставка курьером','пункт 1','44897 Kris Light Apt. 085\nBurniceborough, AK 14754','5124','1974-12-31','сборка заказа'),
('23','доставка почтой','адрес покупателя','88044 Barbara Cliff Apt. 916\nReingerton, FL 68687','1','2000-06-09','доставлен'),
('24','доставка в пункт самовывоза','пункт 3','948 Moses Mall Apt. 320\nFayborough, AR 86447-3920','81959','1986-12-13','сборка заказа'),
('25','доставка курьером','пункт 4','360 Dominique Alley Suite 542\nGunnarburgh, MI 23641','2','1988-07-28','сборка заказа'),
('26','доставка почтой','адрес покупателя','19084 Wehner Fork\nNew Karinefort, CO 77313-8126','6331578','1990-04-03','доставлен'),
('27','доставка почтой','пункт 5','81430 McLaughlin Springs Suite 583\nEast Estell, MI 39372-5697','0','2017-04-10','в пути'),
('28','доставка в пункт самовывоза','пункт 3','1479 King Haven Apt. 011\nBaileymouth, AZ 08540','17288','1974-01-16','заказ готов к доставке'),
('29','доставка курьером','пункт 3','87992 Vivian Causeway\nO\'Reillyside, WI 27779','17346','1970-02-04','отменен'),
('30','доставка почтой','адрес покупателя','55929 Medhurst Canyon\nTialand, OH 56351-5079','64','2007-05-19','в пути'),
('31','доставка курьером','пункт 5','293 Teagan Bridge Suite 105\nNew Halie, RI 07043-0832','5249362','2014-10-03','заказ готов к доставке'),
('32','доставка в пункт самовывоза','пункт 1','97327 Rosalinda Ford\nRohanport, SD 52605','26647772','2005-05-23','заказ готов к доставке'),
('33','доставка в пункт самовывоза','пункт 5','7833 Cristian Isle Apt. 231\nEast Sydneyberg, DE 72597','401','1991-06-28','заказ готов к доставке'),
('34','доставка в пункт самовывоза','пункт 4','9374 Abernathy Square Apt. 621\nKurtmouth, CT 36706-9571','1346','2000-11-30','доставлен'),
('35','доставка почтой','пункт 2','4400 Salvatore Shores Suite 601\nPort Mosesport, NY 01011-4691','374831253','2016-08-18','отменен'),
('36','доставка курьером','пункт 2','62825 Brittany Point\nEast Vidabury, NH 51514','2663','1981-11-16','отменен'),
('37','доставка курьером','пункт 1','977 Friedrich Pines\nGradychester, WA 83558-4521','137596','1995-05-20','отменен'),
('38','доставка курьером','адрес покупателя','9426 Upton Shore Apt. 221\nWillburgh, NE 61132','9962','2014-05-13','в пути'),
('39','доставка почтой','пункт 2','49023 Marquis Drives Suite 224\nLake Reinhold, NM 32495-6042','4','2006-12-15','в пути'),
('40','доставка почтой','пункт 1','29915 Viva River\nWest Lindsay, CO 72127-0487','0','2004-03-14','доставлен'),
('41','доставка в пункт самовывоза','пункт 4','54244 Claudia Radial Suite 296\nLake Maxinefurt, MO 15209-1696','141138749','2016-02-16','доставлен'),
('42','доставка почтой','адрес покупателя','174 Wyatt Burgs Apt. 693\nGreenside, MS 33199','445','1985-06-02','заказ готов к доставке'),
('43','доставка почтой','пункт 1','9208 Rodrick Brooks Suite 847\nSwifthaven, MA 87012-2773','24664983','2001-05-30','заказ готов к доставке'),
('44','доставка почтой','пункт 2','462 Bernita Glens\nPort Stephania, ID 35013','2321114','2010-01-19','доставлен'),
('45','доставка почтой','пункт 2','58838 Bosco Light\nSkilesfurt, WV 25383-2976','268168728','1985-01-18','доставлен'),
('46','доставка курьером','пункт 4','001 Marvin Overpass Suite 975\nChanceport, MA 32530-1615','0','1985-12-28','сборка заказа'),
('47','доставка почтой','пункт 4','725 Zachery Centers Apt. 296\nMarvinfurt, AZ 09699-1707','0','1981-07-18','сборка заказа'),
('48','доставка почтой','пункт 3','69949 Ben Park\nWittingside, AL 47201','0','1971-07-08','сборка заказа'),
('49','доставка почтой','пункт 5','3679 Medhurst Manor Apt. 021\nBrigitteville, DC 76006-4865','477885','1981-05-01','сборка заказа'),
('50','доставка в пункт самовывоза','пункт 3','22621 Chaim Crossing\nNorth Busterburgh, ID 34276','214','1984-08-18','в пути'),
('51','доставка почтой','пункт 5','4064 Marisa Roads Suite 235\nRaymondland, AL 58175-8329','19188115','1998-01-30','доставлен'),
('52','доставка курьером','пункт 1','192 Delta Stravenue Suite 352\nKshlerinberg, NH 84545-9060','95','2019-08-26','в пути'),
('53','доставка в пункт самовывоза','пункт 1','19232 Torphy Mews Apt. 265\nKrajcikmouth, AZ 72014','0','2000-12-08','заказ готов к доставке'),
('54','доставка почтой','адрес покупателя','45870 Samson Flats\nGrantbury, IN 42118-7393','80','1974-11-13','доставлен'),
('55','доставка курьером','пункт 2','36692 Zulauf Flats Suite 154\nNew Carolhaven, OR 59934','23','2003-06-18','сборка заказа'),
('56','доставка курьером','пункт 4','00767 Cole Park\nZulaufmouth, LA 49932','873','1992-08-05','в пути'),
('57','доставка в пункт самовывоза','пункт 1','59597 Rutherford Wall Apt. 022\nNorth Mitchell, MD 82638-9518','13150','1997-08-29','доставлен'),
('58','доставка почтой','пункт 3','17520 Labadie Meadows\nNorth Carsonmouth, MO 76504','187','2014-11-28','сборка заказа'),
('59','доставка курьером','пункт 3','4909 Mabelle Highway\nBaumbachport, NJ 19359-5750','13250295','2004-11-09','в пути'),
('60','доставка почтой','пункт 4','761 Kayden Coves\nLoweside, MD 27271-4500','48269763','2009-07-19','отменен'),
('61','доставка курьером','пункт 3','036 Baron Gardens\nCristalton, IN 43066','4503326','2020-01-19','заказ готов к доставке'),
('62','доставка почтой','пункт 5','996 Ferne Lodge\nNorth Reese, HI 93912-2360','755863875','1990-03-26','сборка заказа'),
('63','доставка курьером','пункт 2','17560 Nicholas Ridges Apt. 513\nWilliamsonport, WV 73454-4067','101','1987-10-07','сборка заказа'),
('64','доставка курьером','пункт 2','23725 Williamson Flats\nHarberfort, ME 05311-8185','101','1994-12-25','в пути'),
('65','доставка почтой','пункт 4','6276 Pacocha Burg\nMossieside, NY 41637-2634','83875559','1979-02-08','в пути'),
('66','доставка курьером','пункт 4','458 Lola Gardens\nEast Dudley, NY 56592','0','1992-09-27','в пути'),
('67','доставка почтой','пункт 4','28656 Glover Lodge\nDestanyton, OR 51105-6911','5221098','1996-08-16','в пути'),
('68','доставка в пункт самовывоза','пункт 5','6564 Hettinger Port Suite 471\nEast Richmond, NJ 97899-3637','67176','2015-06-15','доставлен'),
('69','доставка почтой','пункт 2','080 Rogahn Ranch\nNorth Katharinafurt, ND 43951-8274','1','1993-04-16','сборка заказа'),
('70','доставка в пункт самовывоза','пункт 3','51329 Judson Mews\nAronberg, WA 52438-1239','1','1988-12-10','в пути'),
('71','доставка курьером','пункт 3','796 Carol Circles Apt. 616\nIsaiahstad, OK 40257-5163','348061','2008-05-25','доставлен'),
('72','доставка курьером','пункт 4','2010 Kassulke Mill\nOrnland, WA 73046-7785','1187','2002-06-01','заказ готов к доставке'),
('73','доставка в пункт самовывоза','пункт 2','8080 Gleason Fort Suite 152\nEast Graysontown, DC 00193','41343','2000-01-10','в пути'),
('74','доставка почтой','пункт 3','362 Kellen Port Suite 037\nSouth Buford, ME 21671-3471','2','1970-04-19','в пути'),
('75','доставка курьером','пункт 1','85978 Thiel Ville Suite 588\nAmericaberg, MD 75108','0','1985-02-17','отменен'),
('76','доставка курьером','пункт 2','09341 Alfonso Ranch Apt. 614\nNorth Kacie, AK 31879','223081085','1996-07-09','доставлен'),
('77','доставка курьером','пункт 1','12438 Jordane Circles\nCriststad, UT 36911','500127515','1977-12-26','сборка заказа'),
('78','доставка в пункт самовывоза','пункт 2','211 Laurianne Shoals\nSouth Francisco, PA 26306-1551','888','1992-12-02','отменен'),
('79','доставка почтой','пункт 5','882 Maggie Path Suite 206\nAlenefort, NJ 15719-7650','81','1983-06-04','заказ готов к доставке'),
('80','доставка почтой','адрес покупателя','09423 Dora Knoll Suite 071\nLake Mohamedville, WY 62505-8908','49439233','1997-12-23','заказ готов к доставке'),
('81','доставка почтой','пункт 1','76290 Prohaska Ramp\nReichertville, HI 86278-3163','70781290','1976-08-02','отменен'),
('82','доставка почтой','пункт 2','512 Sibyl Unions Apt. 667\nKuhlmanborough, CO 90538-6933','40','1990-06-09','в пути'),
('83','доставка почтой','пункт 5','34201 Kirk Trafficway Apt. 875\nLangfurt, MD 17029-5198','0','1992-11-08','доставлен'),
('84','доставка курьером','пункт 2','4121 Velva Park Suite 275\nMarcosview, AL 11485-8869','5440','1995-10-22','отменен'),
('85','доставка в пункт самовывоза','пункт 3','21467 Bria Grove Suite 222\nGoyetteville, AK 43018-5363','9573','1977-04-28','в пути'),
('86','доставка почтой','пункт 1','40285 Steuber Cove\nCarlosfort, IN 16420','850189','2007-02-04','в пути'),
('87','доставка почтой','пункт 5','537 Rahul Mission\nMontanastad, GA 42924','15','2012-05-23','сборка заказа'),
('88','доставка почтой','пункт 2','36015 Turcotte Avenue Suite 303\nPort Alexandrine, IN 96404','277','1979-01-20','отменен'),
('89','доставка почтой','пункт 3','90018 Abe Islands\nZariamouth, WA 30123-6568','24323','1980-06-15','сборка заказа'),
('90','доставка курьером','пункт 5','58386 Jaskolski Canyon\nMohrburgh, DE 08359','5606285','2001-01-16','заказ готов к доставке'),
('91','доставка в пункт самовывоза','пункт 1','631 Gibson Springs\nJeffreyport, VT 27349-9806','19094809','1978-03-01','заказ готов к доставке'),
('92','доставка в пункт самовывоза','пункт 2','039 Wiley Meadow Apt. 137\nMatildaborough, LA 25658','123','2006-05-21','сборка заказа'),
('93','доставка почтой','пункт 3','25600 Marisa Villages\nYostbury, MT 14476-4102','0','2015-06-12','заказ готов к доставке'),
('94','доставка в пункт самовывоза','адрес покупателя','31634 Osborne Drives\nNew Rosalind, WV 54262','635386','2020-01-13','в пути'),
('95','доставка почтой','адрес покупателя','813 Kub Springs Apt. 029\nNew Hayden, GA 38662','168011','1983-08-06','сборка заказа'),
('96','доставка почтой','пункт 3','01845 Ardella Stravenue\nWest Chasityside, NH 92617-7802','89','1997-10-17','заказ готов к доставке'),
('97','доставка в пункт самовывоза','пункт 3','71045 Lebsack Manor\nRippinview, MI 63370','30','1990-07-01','заказ готов к доставке'),
('98','доставка в пункт самовывоза','адрес покупателя','4038 Jeff Harbors\nOvaton, TX 03674-7597','2','1972-10-26','заказ готов к доставке'),
('99','доставка почтой','пункт 1','57240 Luettgen Mills\nNorth Bernadinebury, AL 50688','590041','2014-08-31','доставлен'),
('100','доставка почтой','пункт 4','3218 Natalie Mountains Apt. 094\nBrisashire, ND 81871','2569121','2004-11-16','в пути'); 



DROP TABLE IF EXISTS `payments`;
CREATE TABLE `payments` (
  `id` bigint(20) unsigned NOT NULL AUTO_INCREMENT,
  `type` enum('оплата наличными при получении','оплата картой','оплата яндекс-деньги') COLLATE utf8_unicode_ci DEFAULT NULL,
  `amount` decimal(10,2) DEFAULT NULL,
  `date` datetime DEFAULT current_timestamp(),
  `status` enum('оплата произведена','ожидание платежа','отмена') COLLATE utf8_unicode_ci DEFAULT NULL,
  PRIMARY KEY (`id`),
  KEY `type_idx` (`type`)
) ENGINE=InnoDB AUTO_INCREMENT=101 DEFAULT CHARSET=utf8 COLLATE=utf8_unicode_ci;

INSERT INTO `payments` VALUES ('1','оплата яндекс-деньги','12540.83','1991-04-13 04:24:12','отмена'),
('2','оплата наличными при получении','0.00','1981-06-22 11:02:45','отмена'),
('3','оплата картой','70936730.94','1995-05-25 15:58:34','ожидание платежа'),
('4','оплата яндекс-деньги','130484.48','2006-06-17 03:59:27','ожидание платежа'),
('5','оплата яндекс-деньги','502.28','1981-08-13 07:52:19','оплата произведена'),
('6','оплата картой','0.00','1979-03-10 11:59:58','ожидание платежа'),
('7','оплата яндекс-деньги','109.65','1990-10-26 12:57:31','отмена'),
('8','оплата наличными при получении','99999999.99','1993-04-23 12:28:05','оплата произведена'),
('9','оплата картой','847.90','2010-02-28 20:37:56','оплата произведена'),
('10','оплата наличными при получении','5520089.60','1986-12-10 02:49:22','оплата произведена'),
('11','оплата яндекс-деньги','7.00','2020-01-04 02:04:03','отмена'),
('12','оплата яндекс-деньги','9213490.48','2010-04-24 15:40:22','ожидание платежа'),
('13','оплата наличными при получении','0.89','1975-06-10 09:59:40','оплата произведена'),
('14','оплата картой','3220.88','2005-07-13 05:17:44','отмена'),
('15','оплата наличными при получении','2570994.40','1995-11-10 19:44:12','ожидание платежа'),
('16','оплата яндекс-деньги','48057.00','2002-06-17 23:41:06','оплата произведена'),
('17','оплата яндекс-деньги','35.16','2017-01-13 03:58:42','ожидание платежа'),
('18','оплата наличными при получении','69.89','2012-08-12 07:42:59','оплата произведена'),
('19','оплата яндекс-деньги','66.00','1982-08-20 15:51:11','ожидание платежа'),
('20','оплата яндекс-деньги','41732.00','1998-11-13 16:00:07','оплата произведена'),
('21','оплата наличными при получении','0.00','1978-07-07 20:14:34','ожидание платежа'),
('22','оплата яндекс-деньги','58972990.00','1980-04-11 02:03:39','оплата произведена'),
('23','оплата картой','48489961.41','1979-04-21 10:48:53','ожидание платежа'),
('24','оплата яндекс-деньги','416339.29','1970-05-06 14:54:12','ожидание платежа'),
('25','оплата картой','1797.14','1988-01-18 14:23:22','оплата произведена'),
('26','оплата картой','586493.12','1970-03-15 16:07:04','ожидание платежа'),
('27','оплата наличными при получении','10810875.00','1990-02-15 15:03:38','ожидание платежа'),
('28','оплата наличными при получении','4.00','2008-03-04 15:16:22','отмена'),
('29','оплата наличными при получении','45256961.76','2000-12-30 13:29:39','оплата произведена'),
('30','оплата картой','4465.20','1979-02-22 18:00:30','отмена'),
('31','оплата яндекс-деньги','0.00','1997-02-28 21:31:46','ожидание платежа'),
('32','оплата яндекс-деньги','0.00','1986-03-28 00:43:13','отмена'),
('33','оплата яндекс-деньги','15481.82','1973-06-26 07:49:55','оплата произведена'),
('34','оплата яндекс-деньги','47957210.56','2013-12-04 23:53:35','отмена'),
('35','оплата картой','0.00','2018-08-30 00:28:35','ожидание платежа'),
('36','оплата картой','545801.01','2004-05-01 17:25:25','ожидание платежа'),
('37','оплата яндекс-деньги','84335.51','1991-01-15 16:01:49','отмена'),
('38','оплата яндекс-деньги','78883862.00','1996-08-30 16:37:38','ожидание платежа'),
('39','оплата картой','0.00','1980-10-24 09:46:15','оплата произведена'),
('40','оплата яндекс-деньги','389368.63','1974-04-19 23:57:28','оплата произведена'),
('41','оплата наличными при получении','50.83','2006-07-01 19:55:19','отмена'),
('42','оплата наличными при получении','0.00','2007-12-17 06:01:59','ожидание платежа'),
('43','оплата наличными при получении','4254.00','2006-02-16 10:58:47','отмена'),
('44','оплата яндекс-деньги','58426241.51','2009-07-06 19:03:46','ожидание платежа'),
('45','оплата наличными при получении','695.27','2007-10-18 04:49:44','отмена'),
('46','оплата картой','3716071.00','2013-04-23 21:32:14','отмена'),
('47','оплата яндекс-деньги','326995.10','1980-10-08 10:06:11','отмена'),
('48','оплата наличными при получении','22757337.06','2019-06-19 14:18:45','ожидание платежа'),
('49','оплата картой','152493.80','1975-07-21 11:30:40','ожидание платежа'),
('50','оплата наличными при получении','7022.43','1986-03-15 18:52:57','отмена'),
('51','оплата картой','72911.88','1975-11-28 19:11:48','ожидание платежа'),
('52','оплата наличными при получении','99999999.99','1980-06-17 16:47:05','ожидание платежа'),
('53','оплата яндекс-деньги','12.44','2015-12-20 20:16:41','оплата произведена'),
('54','оплата картой','239.30','2008-09-11 19:01:14','ожидание платежа'),
('55','оплата картой','68916.99','2015-12-25 08:28:40','оплата произведена'),
('56','оплата яндекс-деньги','99999999.99','2015-08-18 13:21:31','оплата произведена'),
('57','оплата яндекс-деньги','95060.49','1988-11-04 14:49:28','ожидание платежа'),
('58','оплата яндекс-деньги','353386.26','1977-04-09 03:24:34','ожидание платежа'),
('59','оплата яндекс-деньги','11.20','2018-03-29 16:10:29','ожидание платежа'),
('60','оплата наличными при получении','334179.12','2000-07-05 23:09:52','ожидание платежа'),
('61','оплата наличными при получении','0.00','2013-11-04 21:11:47','отмена'),
('62','оплата яндекс-деньги','197.00','1988-03-08 10:06:40','ожидание платежа'),
('63','оплата наличными при получении','0.00','1971-07-04 08:33:06','отмена'),
('64','оплата картой','585.73','1974-11-16 18:20:45','отмена'),
('65','оплата яндекс-деньги','1157229.00','2016-11-27 11:08:28','оплата произведена'),
('66','оплата наличными при получении','758.15','2015-09-25 22:47:18','оплата произведена'),
('67','оплата яндекс-деньги','1.60','1999-06-28 08:00:28','оплата произведена'),
('68','оплата картой','0.00','2005-05-11 10:43:18','оплата произведена'),
('69','оплата картой','343.03','1986-05-30 00:42:14','оплата произведена'),
('70','оплата картой','7.37','1989-03-02 20:37:42','оплата произведена'),
('71','оплата яндекс-деньги','599288.26','1978-10-06 13:56:37','ожидание платежа'),
('72','оплата картой','2.90','1979-07-29 11:13:15','оплата произведена'),
('73','оплата картой','4255.74','1973-04-29 16:40:23','ожидание платежа'),
('74','оплата яндекс-деньги','99999999.99','1977-08-28 22:26:32','ожидание платежа'),
('75','оплата яндекс-деньги','1544.36','1984-05-19 08:52:26','ожидание платежа'),
('76','оплата картой','554784.56','1981-10-10 09:52:40','оплата произведена'),
('77','оплата картой','0.00','1970-11-28 16:37:03','отмена'),
('78','оплата наличными при получении','2393996.00','2000-11-16 09:09:28','ожидание платежа'),
('79','оплата наличными при получении','99999999.99','1996-02-23 04:12:29','отмена'),
('80','оплата яндекс-деньги','202804.39','2004-11-26 16:14:55','ожидание платежа'),
('81','оплата наличными при получении','1787494.33','1993-06-26 01:49:13','оплата произведена'),
('82','оплата картой','0.00','1978-08-10 06:07:47','ожидание платежа'),
('83','оплата картой','12610492.50','1975-02-28 00:59:21','отмена'),
('84','оплата яндекс-деньги','99999999.99','1980-08-06 11:28:40','оплата произведена'),
('85','оплата картой','2.00','2003-12-01 12:05:01','отмена'),
('86','оплата картой','99999999.99','2005-02-02 09:12:59','отмена'),
('87','оплата наличными при получении','2.00','2012-11-02 18:30:02','отмена'),
('88','оплата яндекс-деньги','15576.57','1998-01-05 18:59:00','оплата произведена'),
('89','оплата наличными при получении','0.00','1976-11-19 19:54:31','ожидание платежа'),
('90','оплата картой','80368541.53','1987-07-25 19:11:46','ожидание платежа'),
('91','оплата наличными при получении','99999999.99','1979-06-30 20:57:38','отмена'),
('92','оплата картой','878000.26','1984-03-15 20:04:43','оплата произведена'),
('93','оплата картой','99999999.99','1988-06-20 02:12:28','оплата произведена'),
('94','оплата картой','467153.34','1977-07-16 04:43:22','ожидание платежа'),
('95','оплата наличными при получении','71.71','2005-01-06 06:47:05','оплата произведена'),
('96','оплата яндекс-деньги','4498665.97','2004-11-20 13:08:02','отмена'),
('97','оплата яндекс-деньги','28637.70','1981-09-20 00:00:25','оплата произведена'),
('98','оплата яндекс-деньги','22297891.37','1973-01-19 18:21:45','оплата произведена'),
('99','оплата картой','99999999.99','1991-07-24 00:17:23','оплата произведена'),
('100','оплата наличными при получении','89137947.84','1974-07-28 02:52:35','ожидание платежа'); 



DROP TABLE IF EXISTS `brands`;
CREATE TABLE `brands` (
  `id` bigint(20) unsigned NOT NULL AUTO_INCREMENT,
  `brand_name` varchar(100) COLLATE utf8_unicode_ci DEFAULT NULL,
  `description` varchar(255) COLLATE utf8_unicode_ci DEFAULT NULL,
  `logo` bigint(20) unsigned NOT NULL,
  PRIMARY KEY (`id`),
  KEY `brand_name_idx` (`brand_name`)
) ENGINE=InnoDB AUTO_INCREMENT=31 DEFAULT CHARSET=utf8 COLLATE=utf8_unicode_ci;

INSERT INTO `brands` VALUES ('1','velit','Odit non doloribus dolorum repellat nostrum. Quidem provident ut autem nostrum consequatur. Et quae sint quae non tempore quia.','0'),
('2','voluptatem','Expedita ut expedita quidem reprehenderit dicta ipsam dolorem. Occaecati cupiditate labore vero velit. Necessitatibus dolor et sit rem quis ad sed beatae. Ullam aperiam hic et impedit sunt at amet molestiae.','0'),
('3','cupiditate','Eos ad ut nam inventore. Enim dolor voluptatem dolor ut ullam.','0'),
('4','quia','Beatae vel excepturi eligendi non eos. Necessitatibus in autem architecto impedit architecto. Numquam animi et inventore sed sunt in.','0'),
('5','praesentium','Ratione nobis et minus ut occaecati totam. Quibusdam culpa qui minima necessitatibus rerum aut tempora. In quasi amet nihil ut. Accusantium vel qui sed cupiditate magnam.','0'),
('6','recusandae','Vero inventore dolores commodi velit mollitia omnis doloremque. Dolores laudantium voluptatem beatae vel voluptatem ut rem. Odio consequuntur quam modi minus vitae autem iure. Vitae et quia sapiente ullam excepturi.','0'),
('7','rem','Quia sed voluptate a et quas qui amet nam. Facere eius quos vero ea. Ratione quia corporis qui vel consequatur. Autem minima veniam illo totam.','0'),
('8','non','Laborum ex recusandae dolor sed quisquam maiores. Ea iste occaecati ex voluptatem veniam unde est. Eum corporis blanditiis placeat tempora. Sapiente rerum recusandae aut dolorem eveniet voluptate sint molestias. Molestias est enim qui praesentium.','0'),
('9','id','Omnis numquam ex ipsa. Minus recusandae quam occaecati aliquid. Minus minima ut rerum est voluptatem est assumenda.','0'),
('10','quis','Architecto facilis et ut qui voluptas dolores qui et. Natus consequatur in eaque sed. Adipisci vel debitis quae provident facilis quo in eos. Ex quis rerum odit explicabo unde vitae.','0'),
('11','quos','Dolores qui quaerat rem doloremque. Quia autem praesentium reiciendis necessitatibus eius quia doloribus eveniet. Ipsa impedit id earum esse sunt et.','0'),
('12','alias','Voluptate consequuntur doloremque laudantium et dolorem. Sint natus modi saepe asperiores. Alias ab consequuntur natus itaque. Corporis ut est sed molestiae eligendi.','0'),
('13','ut','Laudantium rem dolores velit qui fuga doloribus aut autem. Aut et asperiores rerum et aut placeat maxime. Officia dicta odio sequi odio id temporibus.','0'),
('14','itaque','Et numquam ipsa iusto culpa. Rerum ut sint temporibus adipisci officiis nihil est. Incidunt consequuntur architecto suscipit exercitationem eum enim a vel.','0'),
('15','quia','Nobis iste quia ut ipsam animi. Et eaque excepturi veniam eius. Sunt eligendi temporibus eveniet. Consequatur aperiam et explicabo velit facere nam rem vero.','0'),
('16','voluptate','Aut veniam ut consequuntur esse corporis. Unde placeat culpa molestiae hic consequatur hic. Consectetur quod nobis magnam enim.','0'),
('17','qui','Explicabo sit eligendi aut laudantium in non. Nihil quia odit reiciendis vitae et. Sequi ut non dolorem natus.','0'),
('18','esse','Ratione totam optio dolore quia alias et. Enim dolor doloribus hic. Molestiae architecto deserunt et est. Nam expedita omnis tempora doloremque culpa.','0'),
('19','ut','Id explicabo perspiciatis explicabo beatae incidunt. Est quo nam quis temporibus atque et quae nesciunt. Est atque voluptatem aut recusandae quidem. Et qui aut nisi saepe qui.','0'),
('20','corporis','Atque neque cum molestiae velit. Sunt non eligendi nulla quaerat doloremque eligendi natus. Hic consequuntur distinctio cumque ea qui quis neque.','0'),
('21','dolor','Dicta est similique dolorem cupiditate. Sunt autem autem soluta aliquam fugit assumenda. Quam accusantium necessitatibus quisquam fugit accusantium nesciunt animi repellendus. Eum non id ea et maiores unde qui.','0'),
('22','voluptatibus','Modi voluptatem sed provident distinctio consequatur. Iure et et rerum veniam quaerat quo quidem quis. Quia a eveniet debitis sit voluptatem beatae rerum quis. Non veniam aspernatur architecto dignissimos incidunt ea.','0'),
('23','aut','Quaerat ab sit quae molestiae dolorum voluptatum in voluptatem. Soluta cumque ut quo aliquam. Cumque rem delectus ut quod possimus voluptatum voluptatem. Laudantium at pariatur maxime enim accusamus. Fugit et perspiciatis dignissimos ea.','0'),
('24','adipisci','Officiis consequatur veniam quo delectus cum facilis suscipit. Aspernatur iure quam quo alias. Recusandae error possimus laboriosam fuga culpa.','0'),
('25','repudiandae','Facilis corporis asperiores ratione occaecati iste. Magnam enim asperiores dolorem facere dolore. Minima aut a aperiam maiores veritatis amet. Ducimus odio saepe accusamus blanditiis eum.','0'),
('26','provident','Voluptas architecto iusto eveniet qui at quia tempora. Aliquid magnam iure quis rem et adipisci. Sequi reprehenderit repellendus ut sed optio eos est alias. Iusto vero velit et quo.','0'),
('27','rerum','Quia quis molestiae nostrum quaerat. Aut nemo voluptatem est similique. Et reiciendis qui quasi qui et voluptatem blanditiis. Distinctio quis at fugit rerum et praesentium.','0'),
('28','quibusdam','Illum fuga nihil quos. Dolorem molestiae tenetur velit blanditiis eveniet adipisci eos. Quis voluptatem nostrum occaecati vitae cupiditate et. Asperiores facilis nihil sed dolorum voluptas voluptatum nostrum praesentium. Asperiores qui et at ea consequatu','0'),
('29','est','Aliquam harum deleniti omnis doloremque inventore. Sequi nobis est distinctio quae molestiae possimus. Quae suscipit officiis voluptates modi quam voluptatem sed.','0'),
('30','repellat','Ab perspiciatis et velit beatae sint. Perspiciatis veniam optio neque tempore. Consequuntur sapiente deleniti dolorem dignissimos. Commodi voluptates quia eum neque corporis accusamus adipisci.','0'); 


DROP TABLE IF EXISTS `category`;
CREATE TABLE `category` (
  `id` bigint(20) unsigned NOT NULL AUTO_INCREMENT,
  `category_name` varchar(50) COLLATE utf8_unicode_ci DEFAULT NULL,
  `description` varchar(255) COLLATE utf8_unicode_ci DEFAULT NULL,
  PRIMARY KEY (`id`),
  KEY `category_idx` (`category_name`)
) ENGINE=InnoDB AUTO_INCREMENT=11 DEFAULT CHARSET=utf8 COLLATE=utf8_unicode_ci;

INSERT INTO `category` VALUES ('1','quod','Magni delectus dolorum officiis quia. Perspiciatis reprehenderit nisi perspiciatis magni quibusdam. Iste veniam eos facere possimus facere sint qui.'),
('2','porro','Quis consequatur eveniet voluptatum nostrum maiores laudantium. Vel consequatur deleniti similique facilis molestiae omnis. Qui voluptas non soluta quo eos vel. Neque sequi ad voluptatibus sunt voluptas unde doloribus cumque.'),
('3','minus','Harum est sed neque odio impedit. Quasi omnis laboriosam quod ea magnam laboriosam dolor. Illum rerum et sit voluptatem expedita impedit similique omnis. Eligendi consequatur modi dignissimos labore sit nemo tempora.'),
('4','dignissimos','Iure explicabo ut et id possimus qui. Repudiandae doloribus et dolor dolore quisquam omnis. Maiores veniam illo velit dolorem sapiente rerum. Vitae impedit blanditiis mollitia consectetur nihil nisi ipsum sapiente.'),
('5','asperiores','Consequatur voluptas non quia id. Consequatur magnam nulla culpa aliquam quis incidunt commodi.'),
('6','consequatur','Porro et voluptatem ducimus nihil eius alias voluptas sunt. Officiis ipsa voluptas vitae quisquam esse. Deserunt harum laborum optio deserunt tempore est error.'),
('7','quis','Officiis est vero culpa sunt perferendis. Aliquam ea autem quam rerum quos quia ea. Repudiandae qui atque facilis libero unde rerum. Facilis et vel sit.'),
('8','consequatur','Deserunt voluptatem quo ullam ad molestiae non. Placeat doloremque ad eligendi omnis. Aperiam magni odit illo eos. Quae doloremque corporis sint architecto corrupti.'),
('9','harum','Ab ea facere sit doloremque. Voluptatum esse iusto quia itaque numquam iusto. Mollitia nobis ea ipsa enim ut quo. Culpa exercitationem perspiciatis iusto quam.'),
('10','nobis','Molestias vel aut minus earum nisi quibusdam. Eos natus et eum pariatur. Modi cupiditate impedit qui velit.'); 


DROP TABLE IF EXISTS `profiles`;
CREATE TABLE `profiles` (
  `user_id` bigint(20) unsigned NOT NULL AUTO_INCREMENT,
  `gender` char(1) COLLATE utf8_unicode_ci DEFAULT NULL,
  `birthday` date DEFAULT NULL,
  `hometown` varchar(100) COLLATE utf8_unicode_ci DEFAULT NULL,
  `heigh` tinyint(4) DEFAULT NULL,
  `weight` tinyint(4) DEFAULT NULL,
  `clothing_size` tinyint(4) DEFAULT NULL,
  `shoe_size` tinyint(4) DEFAULT NULL,
  `photo` bigint(20) unsigned NOT NULL,
  `created_at` datetime DEFAULT current_timestamp(),
  PRIMARY KEY (`user_id`),
  CONSTRAINT `profiles_ibfk_1` FOREIGN KEY (`user_id`) REFERENCES `users` (`id`)
) ENGINE=InnoDB AUTO_INCREMENT=101 DEFAULT CHARSET=utf8 COLLATE=utf8_unicode_ci;

INSERT INTO `profiles` VALUES ('1','P','1995-02-16','South Jermaineburgh','127','127','127','127','0','1978-09-17 20:31:46'),
('2','M','1990-06-02','West Peter','10','28','127','127','0','2005-07-12 16:46:56'),
('3','D','1974-06-01','East Briceport','127','127','0','1','0','2006-12-17 05:17:42'),
('4','M','2019-05-04','Port Pattie','0','127','127','127','0','1971-11-09 09:13:42'),
('5','M','1999-07-09','Port Tyrell','127','0','2','4','0','1988-09-03 02:57:36'),
('6','M','1981-11-25','New Mose','127','127','127','127','0','2017-11-01 21:57:59'),
('7','D','2007-01-16','New Buckmouth','127','2','127','123','0','1986-06-03 02:36:52'),
('8','P','2008-05-08','Nicohaven','127','127','127','127','0','1974-11-30 00:00:30'),
('9','P','1974-01-11','Tristinview','127','127','0','127','0','1974-09-01 21:58:08'),
('10','P','1973-08-16','Dorianmouth','0','127','14','127','0','1989-01-13 11:00:30'),
('11','M','1986-08-09','East Rosalynview','127','127','127','1','0','2007-01-03 20:50:19'),
('12','D','1988-04-14','Hammesstad','127','127','127','127','0','1971-01-19 10:43:03'),
('13','M','2003-05-02','Mitchellburgh','127','0','1','67','0','1998-02-10 06:59:30'),
('14','P','1983-08-25','New Ceasarport','127','0','0','127','0','1979-11-26 09:38:41'),
('15','M','2012-08-20','Boyerville','127','127','0','2','0','1995-08-19 12:06:43'),
('16','M','1991-02-18','South Francisca','127','69','127','1','0','2010-07-22 06:05:16'),
('17','D','2002-05-11','Oberbrunnerton','53','93','127','127','0','1976-11-28 13:12:12'),
('18','P','1984-12-04','North Orlo','127','127','127','127','0','1993-07-19 04:51:40'),
('19','P','1981-09-10','New Gladyceside','16','127','12','12','0','1970-11-04 12:52:54'),
('20','D','1993-04-08','Lauryport','32','127','127','68','0','1995-11-11 17:24:41'),
('21','D','1973-06-04','North Aliya','127','0','127','127','0','1998-10-02 23:48:54'),
('22','D','1985-06-13','Brandonborough','127','127','127','127','0','1972-02-27 00:40:55'),
('23','D','2016-06-09','Aydenbury','127','127','127','4','0','1977-05-30 01:14:33'),
('24','D','1972-05-04','Victoriashire','127','2','127','127','0','2010-09-04 23:35:03'),
('25','D','1983-01-21','Wayneberg','120','25','127','127','0','1980-10-22 11:07:14'),
('26','M','2010-12-15','Lake Jerroldstad','127','127','0','0','0','2001-01-21 01:17:38'),
('27','P','1977-04-29','Clovisfurt','127','127','127','0','0','2017-04-07 18:56:18'),
('28','M','1986-08-24','South Mona','23','2','127','127','0','2002-01-12 01:14:40'),
('29','M','1990-02-24','Port Thaddeusville','127','0','127','127','0','1993-10-07 02:41:09'),
('30','D','1971-01-07','Altenwerthborough','127','127','127','1','0','1984-07-28 14:00:03'),
('31','M','1987-08-20','Port Gwendolyn','127','0','0','127','0','2002-12-05 21:23:50'),
('32','P','2003-02-19','Jerdehaven','0','0','127','5','0','2016-03-14 03:50:35'),
('33','M','1990-04-19','Kaiahaven','0','127','127','0','0','1979-09-06 16:44:42'),
('34','M','1998-11-06','West Groverview','7','127','127','127','0','2019-02-03 05:43:30'),
('35','D','2007-08-09','West Germanmouth','127','127','127','127','0','2018-02-25 01:12:45'),
('36','M','2012-05-02','Conorfurt','127','0','0','2','0','2007-02-27 04:23:20'),
('37','P','1982-11-30','Hipolitotown','127','127','127','127','0','2019-01-28 02:30:33'),
('38','D','2005-07-02','Roobberg','37','127','127','0','0','1999-09-09 16:35:58'),
('39','M','1994-07-28','Elfriedachester','127','59','127','0','0','2001-12-16 14:36:17'),
('40','P','2017-04-06','Daphneeborough','127','127','0','127','0','1974-07-11 15:27:17'),
('41','D','1972-06-25','West Heleneton','127','127','5','127','0','2007-06-11 20:40:00'),
('42','M','2010-10-04','East Catalina','127','127','26','15','0','2000-09-28 23:45:29'),
('43','P','2001-04-28','East Kassandra','127','127','0','127','0','2019-02-21 02:12:59'),
('44','M','2005-07-17','Roweshire','127','127','1','127','0','2009-04-11 09:21:38'),
('45','M','1979-07-07','Hilpertburgh','127','60','127','1','0','2002-09-11 19:21:06'),
('46','M','1987-02-23','East Dylan','127','127','6','127','0','1976-06-16 06:38:12'),
('47','D','1990-05-24','West Franzstad','2','127','127','0','0','1981-02-19 03:42:25'),
('48','P','2018-09-18','Lake Litzymouth','127','0','127','127','0','1980-02-06 14:24:54'),
('49','D','2000-11-28','Bednarbury','127','11','127','1','0','1979-03-02 23:59:59'),
('50','P','1978-11-24','Lake Blaze','0','127','127','127','0','2017-06-03 22:21:01'),
('51','P','1976-02-15','Loweton','1','127','127','127','0','1992-05-26 12:01:13'),
('52','D','1972-03-18','Lake Katelin','127','127','127','127','0','2000-07-03 01:57:28'),
('53','M','2015-09-26','Port Reginald','0','127','0','127','0','1988-10-05 10:24:02'),
('54','M','1991-04-07','North Grayce','127','1','2','0','0','1998-05-22 23:08:59'),
('55','D','2013-08-21','Albinaland','1','127','127','6','0','2015-12-05 02:45:24'),
('56','D','1973-10-11','Reeseport','9','127','127','0','0','1970-08-17 14:58:10'),
('57','P','1994-02-24','New Angela','127','16','127','127','0','1996-11-02 19:42:43'),
('58','M','1989-07-29','Jacobsonburgh','127','127','127','127','0','1976-09-04 21:59:38'),
('59','D','1996-11-18','West Vladimirmouth','127','127','127','127','0','1988-11-04 20:32:21'),
('60','P','1989-07-29','North Lily','0','52','127','0','0','1977-03-23 03:13:50'),
('61','D','1972-01-26','New Oscarfurt','127','1','0','127','0','1984-06-03 10:26:31'),
('62','D','2016-02-03','South Jacquelyn','127','127','127','127','0','1974-04-07 12:57:12'),
('63','P','2012-06-02','Vincentstad','127','127','127','127','0','1987-01-31 00:50:00'),
('64','P','2008-07-22','West Winston','4','127','51','127','0','1979-04-24 17:38:14'),
('65','M','2015-04-01','Port Janiemouth','0','127','1','127','0','2016-02-19 02:44:26'),
('66','D','2000-08-28','New Lindseybury','127','1','127','94','0','1987-10-17 22:41:23'),
('67','M','2002-01-01','Destineeburgh','127','127','15','127','0','1982-06-06 18:35:19'),
('68','M','1972-03-04','Erdmanton','127','0','0','127','0','2005-01-23 12:15:48'),
('69','M','2005-06-01','Lebsackstad','127','2','127','127','0','2015-01-29 10:53:52'),
('70','M','1980-04-13','North Jannie','127','127','127','7','0','1987-10-07 04:40:06'),
('71','M','1977-07-08','North Amaya','0','127','41','127','0','1983-02-06 10:18:33'),
('72','P','1996-10-13','North Deonfurt','127','127','127','127','0','1985-03-20 21:21:01'),
('73','M','2010-09-02','Rodriguezberg','127','127','127','0','0','1986-08-26 01:09:44'),
('74','P','2012-08-04','Fannyfort','0','127','127','0','0','1979-08-10 17:10:50'),
('75','D','2007-10-17','Elyssamouth','0','127','4','1','0','2001-01-30 18:41:17'),
('76','D','1986-02-03','South Declanside','5','0','33','4','0','2008-11-07 14:19:53'),
('77','P','1973-02-15','Lake Soledad','5','127','127','25','0','1997-08-01 04:36:59'),
('78','P','1975-08-08','Gleasonborough','0','127','127','127','0','1984-12-27 21:24:08'),
('79','M','1999-04-11','South Taliaborough','0','127','127','127','0','2005-12-08 15:57:50'),
('80','P','2004-04-13','Lake Brendon','101','50','0','127','0','2004-06-22 16:49:33'),
('81','M','1999-10-18','Port Cierratown','121','127','127','127','0','1987-10-22 10:49:14'),
('82','D','1999-07-26','New Clara','0','1','127','12','0','2009-06-20 22:25:57'),
('83','M','1970-02-11','Erdmanberg','127','127','127','127','0','2003-09-13 10:28:40'),
('84','P','2018-08-27','Jadonview','127','127','127','127','0','1995-07-01 08:55:12'),
('85','P','2008-03-12','Ivyburgh','127','127','127','127','0','1975-07-03 04:50:02'),
('86','D','1981-05-17','Lake Emmychester','127','0','127','63','0','1993-05-14 10:33:50'),
('87','M','1971-05-11','Enricoton','127','0','0','0','0','1995-06-16 00:41:59'),
('88','M','1976-10-21','North Jerryburgh','3','127','1','30','0','1992-09-13 14:35:49'),
('89','M','1993-07-12','East Loraine','127','0','0','127','0','1985-03-29 11:57:35'),
('90','D','1992-05-19','Maybellton','127','4','127','127','0','2003-03-14 07:47:25'),
('91','D','2020-02-10','North Daphney','127','127','127','127','0','2010-01-15 22:51:23'),
('92','M','1998-12-05','Wintheiserside','127','7','127','127','0','1977-06-04 02:07:32'),
('93','M','1971-10-02','East Everettville','127','127','127','127','0','1972-05-14 20:49:37'),
('94','M','2001-10-16','Joanytown','127','127','127','127','0','1970-04-12 14:31:59'),
('95','P','2006-08-23','Opheliaborough','127','127','127','14','0','1992-04-06 22:02:57'),
('96','P','1978-10-29','North Leannahaven','0','0','127','127','0','2000-09-27 04:39:10'),
('97','M','1979-07-17','Rodriguezport','67','127','0','127','0','1970-04-26 22:05:03'),
('98','D','2001-06-16','North Karson','127','127','0','127','0','2004-06-21 08:35:02'),
('99','D','1990-03-09','West Candidotown','127','1','127','127','0','1971-06-28 06:08:00'),
('100','D','2005-09-07','Lake Nicola','0','123','0','127','0','2014-02-06 17:49:23'); 



DROP TABLE IF EXISTS `products`;
CREATE TABLE `products` (
  `id` bigint(20) unsigned NOT NULL AUTO_INCREMENT,
  `product_name` varchar(100) COLLATE utf8_unicode_ci DEFAULT NULL,
  `description` varchar(255) COLLATE utf8_unicode_ci DEFAULT NULL,
  `category_id` bigint(20) unsigned NOT NULL,
  `created_at` datetime DEFAULT current_timestamp(),
  `updated_at` datetime DEFAULT current_timestamp() ON UPDATE current_timestamp(),
  PRIMARY KEY (`id`),
  KEY `category_id` (`category_id`),
  CONSTRAINT `products_ibfk_1` FOREIGN KEY (`category_id`) REFERENCES `category` (`id`)
) ENGINE=InnoDB AUTO_INCREMENT=101 DEFAULT CHARSET=utf8 COLLATE=utf8_unicode_ci;

INSERT INTO `products` VALUES ('1','suscipit','Quasi incidunt ut corporis omnis asperiores quisquam. Ullam et sit neque aut quia.','1','2003-12-06 03:45:34','1991-06-13 09:46:50'),
('2','dolores','Pariatur magni ipsum quos magni a. Sunt sed autem velit dolor laboriosam culpa. Blanditiis sunt mollitia quo non rem est. Dolorum nulla fugiat animi cumque.','2','1977-05-30 07:06:08','1971-10-07 12:18:48'),
('3','non','Est qui molestias architecto dolor rerum omnis. Atque debitis soluta voluptas. Non est autem unde totam ad soluta. Libero eaque vel omnis ad hic. Fuga voluptates atque dolore dolor quo eveniet.','3','1992-07-31 07:54:17','2013-08-08 04:47:24'),
('4','vel','Earum voluptas commodi occaecati totam. Voluptatem itaque enim nobis tempora qui. Natus voluptas ratione expedita accusantium nobis.','4','1978-05-18 08:17:27','2018-09-26 09:01:01'),
('5','provident','Odio et enim quasi assumenda sapiente. Neque animi consequatur aut modi et. Voluptates voluptate quod est numquam architecto saepe.','5','1989-06-14 20:46:53','1980-03-21 07:28:17'),
('6','ut','Omnis quibusdam sit dolorem a. Distinctio ut est ut earum harum eum facilis. Culpa nesciunt nihil dicta id impedit.','6','1980-12-01 17:21:56','2012-06-13 12:11:28'),
('7','vel','Quam odio sed veniam et ut. Eius eos nam distinctio sapiente impedit qui quia labore. Ut tempore adipisci labore quo ipsam provident. Aut omnis nam soluta pariatur. Temporibus optio non totam omnis officiis.','7','1974-02-22 10:55:13','2003-10-14 12:37:26'),
('8','alias','Similique odit similique id illum neque commodi. Rerum quos id ratione nam perferendis ipsa ad. Impedit voluptatem et sed. Blanditiis est doloremque aut doloribus laboriosam dolorum veniam optio.','8','2005-11-13 12:17:09','1995-02-07 05:08:12'),
('9','consequatur','Deserunt quia quae minus id hic veniam veritatis. Debitis iure qui eaque voluptatem sit dignissimos qui. Qui ea tempore voluptas error et. Velit fugiat ut unde distinctio placeat voluptatem sint.','9','1979-03-13 13:48:42','1990-09-02 01:17:51'),
('10','et','Quo iusto earum ratione minus ipsam ut qui. Non eum doloribus sapiente aliquid magni sunt. Saepe blanditiis numquam rerum.','10','2001-10-06 00:47:11','2018-12-04 02:31:12'),
('11','minima','Et est perferendis nesciunt et est. Maxime ut magnam dolorum ad quis. Architecto reiciendis inventore nisi dolore consequatur tempora ipsum.','1','2005-12-06 04:55:54','1979-08-01 21:55:38'),
('12','quia','Cum non facilis laudantium qui aliquid eos doloribus. Distinctio ad omnis dolores eum earum ducimus quis. Nobis minus assumenda et ullam numquam numquam.','2','2011-11-20 17:41:21','1970-09-14 15:44:26'),
('13','et','Accusantium repellat provident dignissimos quis id molestiae veritatis. Doloremque qui aliquam repellat culpa. Atque maxime voluptas excepturi id unde dolor. Sunt illum earum sed aut quia aliquid excepturi.','3','2018-10-16 04:57:33','1992-06-28 08:15:38'),
('14','est','Cum dicta aut consequatur eligendi. In incidunt animi natus reiciendis sit. Quo minus quos praesentium repellat. Culpa perferendis aut eos impedit recusandae delectus.','4','1986-01-15 04:57:07','1980-08-18 12:19:01'),
('15','dicta','Non perferendis asperiores sunt est sit incidunt sit. Sunt assumenda similique eos occaecati vel molestiae explicabo impedit. Provident unde nostrum ipsam temporibus. Dolorum optio alias provident sapiente.','5','1988-03-17 22:44:37','2013-05-25 18:33:01'),
('16','odit','Quia fuga dolore saepe officia quia. Velit minima distinctio nam nostrum aut velit. Non quas est omnis nesciunt commodi amet est.','6','2000-08-18 14:01:37','1973-04-20 00:35:41'),
('17','id','Ullam tempore magnam et enim. Voluptatem exercitationem eveniet in quas doloremque iste ut sint. Voluptatem magni praesentium ut veritatis. Quia odit soluta omnis et sapiente voluptas.','7','2008-12-18 18:07:56','2002-06-09 02:41:44'),
('18','neque','Quo dolor aliquam aut. Quae id blanditiis delectus officia recusandae facere. Assumenda dolor saepe sit eum est nesciunt saepe. Veniam quasi earum a voluptate quo.','8','1994-02-10 21:58:53','1990-12-30 05:56:34'),
('19','eaque','Voluptas magni fuga vel mollitia soluta sequi. Quae sed ut odit non facilis voluptates in. Consectetur sit nam et quibusdam aut.','9','1971-09-22 19:04:30','2005-05-08 01:23:46'),
('20','non','Vitae illo aut magni beatae. Dolorem corrupti non repellat totam cupiditate. Est similique quibusdam harum dolorum rerum fugiat temporibus ab.','10','1988-07-24 21:11:57','1972-12-29 04:25:48'),
('21','perspiciatis','Ea aut ea nesciunt et quasi. Suscipit expedita veritatis placeat ut ut.','1','2002-08-07 22:11:02','2001-08-22 00:41:53'),
('22','et','Numquam dolor officia vero architecto mollitia. Autem deserunt voluptatem temporibus aut. Illo aut quia eum molestiae eaque velit vel.','2','1986-11-09 04:31:43','1988-01-10 18:00:30'),
('23','atque','Dolorum accusantium enim rerum laboriosam amet nostrum doloremque. Occaecati odio animi sint id. Iste odit minus minima cum debitis quia sed maiores.','3','1972-10-15 00:45:26','1990-05-24 00:29:01'),
('24','consequatur','Quis deserunt quia aut aut. Assumenda ab sunt magnam occaecati architecto eligendi omnis delectus.','4','1991-03-13 18:57:22','1995-08-18 08:57:43'),
('25','dolore','Repellat illum ut sunt aliquid. Nihil doloribus voluptatem quis neque quia soluta aliquam. Officia et voluptate inventore corporis aliquid asperiores.','5','1978-03-16 16:33:37','2019-12-30 18:58:48'),
('26','vero','Velit voluptatem qui ratione est sunt dolorem fugit veritatis. Aperiam pariatur quod qui consequatur voluptatibus reprehenderit porro ut. Repellat asperiores asperiores optio alias rerum totam totam.','6','2002-04-12 08:37:07','2005-09-03 08:35:09'),
('27','ut','Ut sequi aperiam odit molestiae non assumenda sed. Vero quae ut qui animi laborum in tempore odit.','7','2004-02-29 18:53:33','1997-05-13 03:13:38'),
('28','esse','Corporis sit fugiat et quos et. Provident et iste expedita incidunt totam ullam assumenda eaque. Quasi soluta harum est id.','8','2012-08-06 14:17:06','2011-12-20 12:23:38'),
('29','omnis','Sint rerum est a voluptatem fugit fugit. Quas saepe repudiandae unde deleniti laboriosam. Provident omnis vel molestiae rem beatae placeat. Veniam corrupti eveniet reprehenderit dicta officia quasi.','9','2006-01-25 01:30:30','2009-06-05 15:56:18'),
('30','enim','Debitis sunt sit error. Voluptatibus corporis voluptas velit tempora earum est sequi qui.','10','1993-06-13 01:14:46','2013-09-28 12:53:49'),
('31','sunt','Quia sit illo ullam cumque. Deleniti voluptas et voluptatem voluptas. Incidunt et rerum reprehenderit in sint et dignissimos. Quod consequatur quisquam eos laudantium aliquam itaque aliquid reprehenderit. Facilis doloremque unde blanditiis et debitis qui ','1','2012-10-08 03:53:00','1988-07-23 20:14:03'),
('32','et','Perspiciatis cum quis numquam eos magni. Nostrum eaque id labore aliquam voluptatem dolorem possimus. Architecto facere ad modi est sit.','2','1989-08-18 22:30:42','2010-03-21 23:18:26'),
('33','illo','Laudantium voluptas minus dolore earum aliquam rerum. Hic hic officiis aut.','3','2016-03-24 20:45:15','1980-11-23 23:06:20'),
('34','doloremque','Dolor quaerat dolorem omnis assumenda officia dolores. Quisquam rerum consectetur voluptatem consequuntur quo hic. In ut dolores voluptatibus. Et qui dolor ut quos et dolores.','4','1974-02-19 00:29:08','1999-03-19 10:25:15'),
('35','nihil','Quisquam dolor quo quaerat odio. Deserunt exercitationem reiciendis iusto ut. Voluptate quas est repellendus ut velit ea praesentium.','5','1989-02-03 14:19:00','1972-10-23 21:53:30'),
('36','aut','Impedit velit beatae qui nihil ut. Vitae eum aliquid facere recusandae ea debitis. Vel dolor assumenda saepe et ipsa.','6','2015-05-02 11:21:04','1996-08-31 04:35:28'),
('37','soluta','Vitae eveniet mollitia alias nihil. Quia consequatur eius accusantium neque. Et consectetur quam distinctio maiores repellat.','7','2013-12-15 14:42:33','1984-01-11 19:49:46'),
('38','ad','Possimus ullam quos temporibus quam magnam qui voluptatibus dolor. In quasi expedita nobis animi. Dolor exercitationem facere delectus voluptate odit. Laudantium odio et quos aut hic alias id.','8','1995-11-03 04:02:42','2005-10-26 00:39:16'),
('39','perspiciatis','Error inventore qui quas. Totam id magni praesentium ut aperiam nam nihil. Dolorem quis nulla ab distinctio id odio at. Eveniet voluptatem et ut sit.','9','2006-04-17 14:56:22','2019-08-07 03:32:01'),
('40','rerum','Quo rerum modi sequi assumenda qui illo. Numquam repellendus mollitia sequi. Expedita dignissimos non labore aliquid voluptate dolorum aut.','10','1987-04-18 10:37:56','2013-09-14 17:58:57'),
('41','sit','Corrupti incidunt earum sapiente qui. Ex ipsam impedit voluptate provident ut. Adipisci magnam porro hic minima quaerat ducimus repellendus. Nihil praesentium voluptatum corporis deleniti beatae necessitatibus.','1','2003-06-10 23:40:26','2009-06-04 19:09:46'),
('42','voluptates','Sapiente non quae atque et. Consequatur corporis magnam corporis est. Fugiat consequatur veniam perspiciatis sed aperiam reiciendis vitae. Accusamus et sint temporibus.','2','1992-04-09 18:42:19','1990-01-19 02:12:19'),
('43','rerum','Omnis repellendus nisi sint voluptatem. Numquam qui suscipit fugit voluptate provident. Odit illo cum ut qui natus. Cum omnis voluptatem dolorem aut nam.','3','1986-05-13 21:24:47','1973-05-15 20:17:09'),
('44','eveniet','Quasi minima amet autem explicabo fugiat hic debitis. Voluptatem ipsam officia delectus et quidem recusandae. Velit et exercitationem placeat beatae voluptate aut quaerat. Soluta ut qui aut vero.','4','2000-11-25 00:19:12','2011-10-03 14:08:14'),
('45','impedit','Rem provident consequatur cum assumenda cupiditate est a temporibus. Ducimus consequatur dicta voluptas ut recusandae aut id. Enim maxime ut voluptates.','5','1970-09-02 16:27:22','1996-01-21 09:48:39'),
('46','officiis','Nesciunt rerum ipsa quod. Repellat voluptatem neque vel nihil sit enim expedita. Dignissimos aut eum et alias nemo. Est dolorem harum est enim perferendis reiciendis et.','6','2007-09-09 20:27:13','2002-07-13 15:57:31'),
('47','dolorem','Aut aut quaerat aut soluta aliquam. Illum totam sunt id est excepturi non expedita. Eveniet eaque illo aut quo. Dolores veniam laborum ullam omnis esse cum.','7','2015-01-10 02:00:47','2011-10-28 21:09:27'),
('48','soluta','Quam aut nihil sequi similique iure molestiae. Nihil recusandae iusto numquam quae iure nemo saepe. Libero fugit accusantium odio libero.','8','1997-12-03 17:39:04','1987-12-04 16:18:09'),
('49','voluptatem','Laborum quisquam ea quia vel. Eum aliquam et et. Voluptas non molestiae qui voluptas.','9','1997-05-31 17:23:57','1994-07-22 12:15:46'),
('50','est','In accusamus ut commodi similique dolores. Reiciendis accusamus quasi impedit dignissimos enim rerum et. Fugit architecto adipisci illo commodi suscipit deleniti laudantium dolorem.','10','1972-04-07 06:05:48','2019-08-02 06:27:22'),
('51','ducimus','Voluptatem inventore aut adipisci. Libero facilis non ea blanditiis fuga expedita officiis. Nisi rerum voluptas rerum repellendus. Cumque vero dolor incidunt eos repellat.','1','1999-05-13 09:09:35','1978-10-02 09:46:50'),
('52','est','Aut fuga earum iure ab qui perspiciatis. Sit voluptatem qui eius aliquam. Perspiciatis ut enim voluptatem in qui ut. Voluptatum dolor quasi vel praesentium.','2','1998-11-18 19:03:25','2019-02-21 20:06:48'),
('53','eaque','Ad ea magni natus. At aliquid voluptates ad a. Nisi enim sed quam. Aut veniam omnis dolores voluptas.','3','1993-04-06 00:08:51','1970-03-01 21:47:10'),
('54','fuga','Nesciunt quis iste numquam ut. Magni animi magnam labore sit aut nesciunt nobis quia. Maiores voluptas sed velit nulla. Rerum et voluptas voluptatibus.','4','2009-11-22 11:17:09','2011-10-21 09:24:57'),
('55','omnis','Dolores non eos necessitatibus dolorem dolor. Sapiente sit ut quis soluta. Aliquam dolorem porro earum.','5','1984-02-15 22:58:33','2018-04-26 12:51:42'),
('56','accusamus','Dolor aliquid illo dolore voluptatum vel exercitationem saepe. Rem est quae dignissimos. Aut mollitia pariatur tenetur ducimus.','6','1986-02-02 18:21:30','2016-10-17 05:26:37'),
('57','et','Quaerat dolorem delectus ea consequatur id atque. Tempora aut cum recusandae recusandae officiis odit. Ut tempore saepe aut velit. Eum quia voluptatibus voluptatum quia et unde.','7','1991-03-16 19:23:39','1997-02-21 13:33:02'),
('58','qui','Ea cupiditate officia vel occaecati cumque ipsum. Deleniti est iure rerum dolore. Dolor et voluptas minima rerum reprehenderit ab. Laudantium atque ea aut et eveniet odio est dolorum. Consequatur reiciendis sit eaque error autem minima et.','8','1994-03-04 08:51:47','1988-12-08 23:19:16'),
('59','quia','Est ipsum fuga eius ut quisquam ex aspernatur. Perspiciatis harum officiis ut quia. Doloribus iste facere officiis odit.','9','2015-09-26 17:15:50','2009-03-15 03:41:12'),
('60','ut','Dolor ut repudiandae dolores odit et dolorem culpa quibusdam. Et qui nihil sint omnis vitae et. Velit aspernatur officia nobis.','10','2014-05-15 01:50:10','1984-06-02 22:54:59'),
('61','cumque','Qui quia ea ut ut hic reiciendis. Dolores dolore dicta eos numquam error nemo.','1','2010-08-20 10:10:55','1999-07-21 12:51:18'),
('62','officia','Fuga qui accusantium rem dignissimos veniam autem. Error porro ratione nihil ut officia enim eius.','2','1973-10-05 09:19:47','1997-12-19 13:16:32'),
('63','non','Et voluptate sint ut. Assumenda veritatis sint quia voluptate optio amet ipsam et. Tempore qui architecto voluptate numquam laborum recusandae dolorem.','3','2004-07-05 06:45:06','1973-10-11 08:59:00'),
('64','sint','Distinctio quam cumque rem molestiae nesciunt quis dolore. Laudantium voluptatem doloremque sequi sit corrupti voluptatibus.','4','1990-06-18 23:53:25','1992-12-18 10:23:22'),
('65','repudiandae','Enim ipsam nostrum est tempore et. Quae nobis consequatur debitis accusantium perspiciatis. Impedit necessitatibus perferendis et temporibus consequatur aut pariatur dolores. Et odio magnam aut expedita.','5','1978-10-27 12:34:07','2006-06-10 09:53:10'),
('66','sint','Nobis in reprehenderit natus nisi accusamus ducimus. Atque eius amet voluptas expedita. Qui accusantium eaque doloribus. Exercitationem et non nihil pariatur dolorem voluptatem sit qui.','6','2007-12-28 01:55:41','1990-07-11 14:12:31'),
('67','quisquam','Qui illum molestias officiis aut. Facilis officia labore et inventore impedit est. Tempore reprehenderit dolor id sed voluptatem. Perferendis placeat provident alias omnis eligendi aut nemo.','7','2000-03-03 19:58:23','1993-01-17 11:02:08'),
('68','tempore','Quisquam voluptatem aliquid enim cum aperiam. Doloribus molestiae et fuga laboriosam ipsa vel explicabo. Provident et eligendi est at nisi ea. Soluta expedita explicabo odio ipsum.','8','1990-07-22 23:14:24','1995-12-22 10:23:30'),
('69','aut','Facere qui aut quos laboriosam dolorum. Vel odit incidunt error architecto cumque. Cupiditate nobis assumenda sed voluptates quae. Quis rerum porro ea asperiores repellat id doloremque doloremque.','9','1983-08-26 09:57:53','2006-09-05 11:29:59'),
('70','aut','Et nisi numquam neque aut enim debitis. Consequatur recusandae officia provident praesentium. Exercitationem est voluptatem dolores modi facilis omnis. Similique aliquam nostrum perspiciatis voluptatem in ad rem.','10','2005-08-26 19:50:50','2006-08-04 17:37:35'),
('71','corporis','At numquam facere id. Totam perferendis et atque unde. Et recusandae omnis aut corporis animi veritatis.','1','2018-09-04 02:02:26','1979-02-19 23:53:31'),
('72','praesentium','Aspernatur tempora pariatur officia excepturi. Ipsam cupiditate sit omnis in voluptatem corporis quaerat. Ut ea qui quo in perspiciatis non dolorem. Omnis ab eum eaque rerum dolore omnis est.','2','1992-09-24 19:55:43','1990-12-23 12:29:40'),
('73','nostrum','Deleniti facilis sed sunt eos blanditiis repellat. Aliquid corrupti qui rerum accusamus deserunt. Aut sit explicabo error perferendis harum iusto.','3','2000-03-30 01:51:04','2005-05-05 10:59:37'),
('74','nobis','Perferendis laudantium recusandae repellat. At voluptatem fugiat magnam ut. Sequi consequatur animi voluptatem sit voluptatem quasi sunt. Non molestiae facere accusamus laborum.','4','2012-03-30 17:05:26','2005-04-06 16:32:59'),
('75','nesciunt','Aut reiciendis in voluptas praesentium. Et voluptatibus maiores id natus omnis sint. Illum molestiae totam veritatis delectus nostrum reprehenderit id.','5','2000-11-25 04:47:15','2002-06-24 01:19:33'),
('76','sapiente','Consequuntur quis ut ratione repellat ratione in eum praesentium. Vel et voluptas atque fugiat dolor quas quo. Esse consequatur perferendis repellendus.','6','1993-12-18 02:49:58','1972-09-09 05:32:18'),
('77','suscipit','Saepe quia non consequatur quia. Nesciunt consequatur sit sed eum sunt alias. Natus delectus laborum maxime quo ut.','7','2003-09-02 11:05:29','1979-11-27 04:16:21'),
('78','assumenda','Facere assumenda et eligendi dolore quo aperiam. Sint ea beatae molestias deleniti. Rerum cum optio amet.','8','2019-12-29 20:22:47','1997-04-22 09:07:40'),
('79','in','Inventore illo unde dolores magnam et ut quod. Veniam occaecati delectus at iure id voluptates. Consequuntur libero alias ipsam inventore. Est quas neque et similique.','9','1979-01-27 01:53:10','1982-06-03 04:55:08'),
('80','et','Et aut quod ut ipsam ut ipsum. Ex distinctio corporis blanditiis architecto dolor vel. Neque adipisci itaque repellendus eos quas sunt.','10','2009-08-03 00:42:39','2020-06-22 18:47:22'),
('81','alias','Dolor animi mollitia consectetur consectetur. Ut omnis id modi id ab sunt. Cumque rerum dolores repellat culpa nesciunt. Et autem qui veritatis sed possimus amet aliquid.','1','1998-10-10 08:21:52','1993-06-07 18:44:21'),
('82','eum','Modi esse ut iste doloremque aut. Facilis similique ad expedita sit aliquid non. Aliquam enim iste repellat distinctio. Nesciunt eligendi veniam qui qui.','2','1990-01-25 13:24:07','1973-12-29 14:26:42'),
('83','eum','Voluptas rerum odit iusto ut quia. Ipsum consequuntur a iste quis. Beatae voluptas quis nesciunt eos non veritatis eos. Est nisi tenetur amet dignissimos maiores.','3','1982-10-27 21:27:29','1983-08-16 05:18:41'),
('84','sint','Incidunt rerum voluptas tenetur omnis. Aspernatur iure eum facere perspiciatis totam consequatur vitae. Natus natus voluptas asperiores optio voluptatem sint voluptatem. Consequuntur assumenda animi odit ab explicabo quos sint.','4','1971-08-06 13:37:03','1996-10-14 09:58:35'),
('85','qui','Sequi quos quia voluptate cumque. Accusamus dolores atque unde maiores molestiae eos distinctio. Omnis adipisci velit earum ullam. Iste nam recusandae aut sit.','5','2014-11-25 22:01:55','1992-12-28 19:20:16'),
('86','itaque','Necessitatibus odit voluptas dolore eum similique harum. Quisquam omnis dolorum rem ea voluptatem consequatur nam. Unde aut est non incidunt sunt molestiae. Voluptatibus saepe minima qui maiores omnis. Facilis aut aperiam aspernatur dolores facilis soluta','6','1996-06-03 04:12:05','2018-02-13 14:13:25'),
('87','quasi','Officiis vero voluptas sed numquam sunt ut laborum. Sapiente nihil a odio explicabo ut dicta. Qui quisquam voluptatem et deserunt aspernatur deserunt praesentium.','7','1984-09-12 01:28:56','1982-11-05 08:52:53'),
('88','voluptas','Pariatur qui sed et ipsa et. Consequatur ipsam asperiores aut deserunt voluptatem eius. Quos quisquam quidem odit ut eos.','8','1976-10-12 20:40:40','1970-10-14 06:58:34'),
('89','exercitationem','Id ut placeat ad dignissimos eligendi accusamus quia quam. Voluptate ipsum adipisci dolorum fuga et velit.','9','1986-07-18 05:41:07','1997-05-14 22:34:58'),
('90','itaque','Quisquam non molestiae nihil nihil est. Voluptatum quas nihil et non reprehenderit. Vitae natus magni eius assumenda perferendis dolor alias.','10','2019-01-07 10:17:34','1983-08-08 08:51:41'),
('91','ex','Incidunt omnis doloribus numquam consequuntur nam ipsa consectetur et. Hic iure possimus suscipit nobis eveniet. Animi nihil consequatur illo eaque labore libero.','1','1997-09-12 17:20:19','1982-03-03 19:50:06'),
('92','totam','Quia ipsum dolorem et dignissimos blanditiis rerum ut. Praesentium reprehenderit dolor et aliquam. Ratione eum mollitia vitae a nostrum et earum delectus.','2','2002-08-29 12:07:28','2010-02-12 13:00:33'),
('93','maiores','Nihil consequatur necessitatibus optio illo fuga quaerat. Velit ut et illum qui dolor ipsam. Totam facilis et voluptatem voluptatibus doloribus.','3','2018-09-29 05:04:40','1972-06-14 16:54:51'),
('94','maxime','Blanditiis nam cumque ut quas ratione sapiente. Harum eveniet et omnis aspernatur ea. Sed corrupti fugiat unde cum illum eveniet officia. Repellat sed itaque repudiandae.','4','2009-09-25 14:31:34','1978-05-17 19:54:22'),
('95','omnis','Labore et id sit. Sequi non aut numquam maxime ex qui. Sit dignissimos laborum est. Ut animi recusandae consequatur ab libero quaerat magni.','5','2003-07-30 08:36:04','2006-09-18 15:59:09'),
('96','dolores','Quia minima incidunt quam modi quia voluptatem molestias. Rerum quasi et quia ex. Voluptatibus aut quia alias dicta occaecati. Pariatur eos et dolor ducimus voluptatem quisquam et.','6','2013-05-28 15:29:03','2008-08-23 03:05:48'),
('97','est','Id sunt nihil sit voluptatibus. Perferendis et rerum omnis nobis. Beatae distinctio minima delectus quis voluptatum. Minus dolores molestiae modi quis.','7','2004-06-19 01:10:15','2015-11-16 09:43:55'),
('98','placeat','Consequatur in maiores impedit eos et sint. Consequatur non corporis iure voluptatibus est. Ut veritatis ab accusantium nam aut. Iste odit ut perspiciatis.','8','2011-10-17 05:08:40','1971-05-10 19:24:31'),
('99','numquam','In beatae consequatur eum consequuntur est. Et quos recusandae veritatis velit ad accusamus. Ducimus vel neque est sunt soluta aliquid ex.','9','2004-06-29 02:23:19','1971-09-26 20:01:34'),
('100','blanditiis','Et voluptates occaecati voluptatem sunt. Enim accusamus porro quam exercitationem cupiditate. Ad rerum aliquid aut excepturi.','10','1979-10-01 04:35:33','1989-11-08 11:49:28'); 



DROP TABLE IF EXISTS `catalog`;
CREATE TABLE `catalog` (
  `id` bigint(20) unsigned NOT NULL AUTO_INCREMENT,
  `article` bigint(20) unsigned NOT NULL,
  `category_id` bigint(20) unsigned NOT NULL,
  `product_id` bigint(20) unsigned NOT NULL,
  `brand_id` bigint(20) unsigned NOT NULL,
  `photo` bigint(20) unsigned NOT NULL,
  `description` varchar(255) COLLATE utf8_unicode_ci DEFAULT NULL,
  PRIMARY KEY (`id`),
  KEY `category_id` (`category_id`),
  KEY `product_id` (`product_id`),
  KEY `brand_id` (`brand_id`),
  CONSTRAINT `catalog_ibfk_1` FOREIGN KEY (`category_id`) REFERENCES `category` (`id`),
  CONSTRAINT `catalog_ibfk_2` FOREIGN KEY (`product_id`) REFERENCES `products` (`id`),
  CONSTRAINT `catalog_ibfk_3` FOREIGN KEY (`brand_id`) REFERENCES `brands` (`id`)
) ENGINE=InnoDB AUTO_INCREMENT=101 DEFAULT CHARSET=utf8 COLLATE=utf8_unicode_ci;

INSERT INTO `catalog` VALUES ('1','0','1','1','1','0','Dignissimos facilis quidem ipsum consequatur numquam quasi in. Et hic aspernatur est dignissimos ut dolor. Et iste accusamus et assumenda. Cumque non sequi molestiae nemo voluptatem rerum eveniet et.'),
('2','0','2','2','2','0','Maxime sunt quisquam culpa. Mollitia in in maiores est facilis omnis. Corrupti ratione nesciunt ipsam sint nostrum.'),
('3','0','3','3','3','0','Amet error laboriosam facere autem dolor facere libero. Qui alias aspernatur et laudantium quia autem ut. Qui odio et culpa provident ipsam exercitationem aliquid eligendi.'),
('4','0','4','4','4','0','Ipsam natus ea dignissimos magnam assumenda. Ipsa culpa nulla dolores eos. Deleniti omnis voluptate optio autem. Dolores esse suscipit dignissimos. Distinctio ea est quia ipsa.'),
('5','0','5','5','5','0','Doloremque voluptatem rem quaerat. Maiores minus quasi laboriosam porro soluta. Harum voluptas omnis cum vero ipsam. Impedit nobis nemo voluptates ipsa.'),
('6','0','6','6','6','0','Qui enim et a in iste quia. Alias sunt vitae excepturi cupiditate aut repudiandae sapiente. Iusto quia laboriosam similique iste numquam.'),
('7','0','7','7','7','0','Ut doloremque nam hic. Similique omnis ut ab voluptate et autem. Officia eos hic natus totam dolor nihil. Occaecati delectus ex explicabo dolor ipsam est.'),
('8','0','8','8','8','0','Officiis ratione modi nam eligendi consequuntur facilis placeat. Consectetur ea facere ut qui beatae eos et commodi. Dolore accusamus nesciunt eum exercitationem quia repudiandae. Consequatur eum repudiandae quas sint.'),
('9','0','9','9','9','0','Ducimus quam rem corporis similique sed quis veniam. Inventore magni facilis explicabo sunt. Ut corporis ipsum id suscipit nisi aspernatur.'),
('10','0','10','10','10','0','Unde ab repellat aut tenetur qui velit aut. Saepe natus reprehenderit alias officia quia et eaque. Molestiae qui ut aperiam.'),
('11','0','1','11','11','0','Quia a non voluptatibus libero quae sed. Quod animi porro accusamus est. Porro ut maiores et molestiae animi non porro.'),
('12','0','2','12','12','0','Sint ratione facilis magnam quo ipsam. Dolor rerum id quidem maxime voluptates nam porro. Est veniam voluptatem eligendi odio adipisci. Officiis in enim quia commodi praesentium.'),
('13','0','3','13','13','0','Sunt nostrum vel aliquid soluta. Praesentium fugit mollitia corporis et. Fugit deserunt perspiciatis eaque. Laboriosam amet atque optio quae consequatur corporis quod ut.'),
('14','0','4','14','14','0','Molestias cupiditate sit aliquid natus. Omnis sunt odit reiciendis rem sapiente pariatur omnis. Id voluptatem occaecati sunt placeat sequi maxime.'),
('15','0','5','15','15','0','Tempore qui nihil necessitatibus consequatur odit. Et reiciendis aut repudiandae molestiae qui debitis harum. Voluptate vel nulla dolor alias.'),
('16','0','6','16','16','0','Laudantium est minima nostrum. Aperiam vel quae quas. Qui quidem rem dolores voluptas quod rerum. Perspiciatis sint dolorem et quis occaecati eos beatae ut.'),
('17','0','7','17','17','0','Voluptas totam quis vel aut qui. Debitis quod eaque non reprehenderit.'),
('18','0','8','18','18','0','Tenetur aut repellat unde eaque. Totam praesentium aut accusantium. Ut nesciunt commodi dolorem nam magni voluptatem qui pariatur. Quia aut fugit eum ipsum consequatur dicta odio.'),
('19','0','9','19','19','0','Maxime inventore nobis pariatur voluptatem aspernatur qui. Aut vel voluptatem repellat ipsam enim. Soluta impedit excepturi ut explicabo consequatur nobis. Doloribus odio totam sit ut accusantium tempora sunt qui.'),
('20','0','10','20','20','0','Quia temporibus repellendus est illum culpa. Placeat ea atque quas sint architecto ut dicta aut. Illo ea minima nemo et quaerat consequatur.'),
('21','0','1','21','21','0','Qui aut qui in facere distinctio. Quam error et ut qui natus. Deleniti rerum necessitatibus id dignissimos. Odio et sit quibusdam quia placeat quaerat et.'),
('22','0','2','22','22','0','Est est omnis fugiat cum. Natus accusantium delectus atque libero amet. Aut illo numquam rerum deserunt consequuntur.'),
('23','0','3','23','23','0','Quae quis aut fugit ut. Labore fugit quod autem aspernatur ratione ea.'),
('24','0','4','24','24','0','Eos incidunt libero quis doloribus voluptatibus rerum. Soluta libero voluptas vero qui similique qui blanditiis. Consequatur cumque nulla voluptate eos qui at et aut. Optio veritatis debitis ratione in similique alias.'),
('25','0','5','25','25','0','Omnis consectetur earum qui veritatis dolorem veniam adipisci qui. Voluptates tempore quidem nesciunt eius illo dolorem. Totam at sit quasi quis ea et.'),
('26','0','6','26','26','0','Consequatur pariatur ut est eos quod et atque. Aliquid ipsam rem quos nisi fuga. Earum enim in et voluptas. Dolorum tempore quod quo eius iure.'),
('27','0','7','27','27','0','Quo illum itaque ut nihil. Rerum quis fugit repellendus voluptatem voluptatem. Amet quia quis sint et.'),
('28','0','8','28','28','0','Et quibusdam soluta accusantium eveniet enim esse. Omnis autem assumenda placeat esse. Ut accusantium sed ut minus qui culpa. Expedita voluptas et aut laboriosam velit.'),
('29','0','9','29','29','0','Nulla at dolor ut. Nam architecto consectetur dolorem est rerum. Et veniam voluptatem accusantium impedit. Nesciunt doloremque consequatur adipisci sed.'),
('30','0','10','30','30','0','Quam repellat reprehenderit vitae veritatis reprehenderit explicabo. Deleniti incidunt itaque sit hic totam et dicta. Distinctio iure beatae error quod minima. Blanditiis officia sequi sapiente eveniet. Dolor error impedit similique veritatis enim dolorem'),
('31','0','1','31','1','0','Voluptas id numquam repellat et. Deserunt quis facilis voluptatem ipsa praesentium veniam.'),
('32','0','2','32','2','0','Sunt reiciendis occaecati vero doloremque fugiat quia quia ut. Modi a tempore est et nihil. Omnis error voluptatibus voluptas enim accusamus occaecati dolore. Rerum sapiente iusto nihil et sit consequatur.'),
('33','0','3','33','3','0','Veniam dicta voluptatibus qui voluptatibus cumque. Explicabo vitae nam earum. Vel animi id totam provident.'),
('34','0','4','34','4','0','Voluptatibus libero ex vel consectetur eius. Aliquam tempora maiores qui similique. Sunt id blanditiis qui mollitia pariatur quasi dolorem.'),
('35','0','5','35','5','0','Cumque sunt sunt ut perferendis quis nihil necessitatibus. Amet voluptate perferendis aut ea cupiditate. Facere atque voluptatibus voluptatem laudantium perferendis amet eaque.'),
('36','0','6','36','6','0','Vel enim ut quaerat unde labore. Magni neque nam delectus aliquid eveniet rerum. Harum sunt deserunt sed optio perferendis.'),
('37','0','7','37','7','0','Eum sed nulla veniam est excepturi et aut. Blanditiis illo est eos dolores. Et officiis numquam fugiat rerum amet temporibus.'),
('38','0','8','38','8','0','Ipsum dolor atque est. Qui atque odio non ea odit.'),
('39','0','9','39','9','0','Officia reprehenderit quod nam voluptatem ea. Beatae rerum quisquam dolorem sed corrupti. Dicta recusandae velit excepturi et. Ipsa voluptas qui aliquam porro et.'),
('40','0','10','40','10','0','Quaerat odio repellendus consequatur officiis ex. Impedit id eos dolorem et. Quisquam non ut occaecati blanditiis nihil quos eos voluptates. Qui vitae laborum ut aspernatur reiciendis minus porro.'),
('41','0','1','41','11','0','Illo omnis consequatur fugit vero. Commodi quia reprehenderit praesentium perspiciatis molestiae ipsa. Cum nihil suscipit recusandae consequatur nemo.'),
('42','0','2','42','12','0','Id nisi consectetur ipsam aut. Quis perspiciatis recusandae aut blanditiis.'),
('43','0','3','43','13','0','Aut iure dolorem accusantium in dolor consequatur. Nihil non provident aut quas optio et. Ut et vel maxime nam consequatur harum quaerat. Dolores velit non ea dolor autem dicta in.'),
('44','0','4','44','14','0','Nihil neque laudantium accusamus velit fugiat dolor. Aut recusandae quis similique veniam quia dolorum quam. Officiis sit ut debitis accusamus nam rem.'),
('45','0','5','45','15','0','Omnis placeat cumque aspernatur similique maxime voluptatem. Voluptas voluptates dolor aut. Ut enim ut provident illum nostrum. Sit pariatur aut expedita aut commodi omnis.'),
('46','0','6','46','16','0','Asperiores incidunt accusantium ut asperiores. Placeat est dolorem tempore aut distinctio aliquam.'),
('47','0','7','47','17','0','Velit veritatis soluta doloribus architecto. Eius quo sit asperiores fugit iure. Est voluptatem voluptas voluptatem voluptatem. Porro voluptas est eveniet fuga incidunt in non.'),
('48','0','8','48','18','0','Quas ullam rem enim iusto neque rem qui. Porro recusandae et et aut temporibus. Sapiente magnam eum autem itaque nemo. Occaecati ad ut aliquid numquam harum eligendi amet.'),
('49','0','9','49','19','0','Libero est autem commodi autem nihil deleniti doloribus. Sequi odio reiciendis excepturi tempore. Aliquid est aut et.'),
('50','0','10','50','20','0','Deserunt porro non minima consequatur voluptas ut. Perspiciatis ad qui eveniet ea dolores architecto. In accusamus ex consectetur commodi veniam autem explicabo ad. Aperiam aut consequuntur quia ut.'),
('51','0','1','51','21','0','Voluptatibus minus est aut eum. Aut ex dignissimos quis et commodi. Velit aut asperiores ut facilis necessitatibus asperiores. Exercitationem rerum voluptatem ut atque.'),
('52','0','2','52','22','0','Qui tempore perspiciatis qui explicabo voluptates beatae consequatur. Voluptatem dolorum maiores optio dolores cumque. Commodi necessitatibus quia sed. Enim voluptas facere totam omnis iste animi dolor mollitia.'),
('53','0','3','53','23','0','Expedita iure aut suscipit. Officiis praesentium quia sequi ea. Est voluptate sapiente eaque impedit. Vitae atque omnis modi nostrum necessitatibus rerum.'),
('54','0','4','54','24','0','Modi sunt ut voluptatem dolores quasi. Placeat sunt qui voluptas et ad nesciunt nostrum minima. Ut iste aut necessitatibus corrupti sed officiis excepturi. Deserunt dolores eius veniam et.'),
('55','0','5','55','25','0','Aut tenetur atque facilis sint rerum id. Ut est et laboriosam id at. Ducimus in aut officia distinctio omnis eum aliquam.'),
('56','0','6','56','26','0','Fugit nostrum dolores impedit. Quam aliquid facilis quaerat voluptatem debitis ex. Fugiat quo ab vitae. Assumenda placeat illum assumenda velit molestiae.'),
('57','0','7','57','27','0','Neque qui voluptas qui molestiae exercitationem impedit. Omnis commodi dignissimos alias vel natus velit. Illum unde illum totam. Molestias neque dolor consequatur quibusdam adipisci quisquam. Facilis qui nihil qui voluptates.'),
('58','0','8','58','28','0','Mollitia magni sed et. Quisquam earum laboriosam ducimus incidunt ducimus vel ullam animi. Qui aut dolor vel non atque et veritatis incidunt. In dolores aut asperiores atque accusamus aut excepturi.'),
('59','0','9','59','29','0','Accusantium necessitatibus necessitatibus sed quisquam qui repellendus fugit. Qui optio est aliquam molestiae voluptates accusamus commodi. Facilis est saepe quis fugit sint sunt velit. Nobis corporis itaque natus ipsam rem mollitia rerum.'),
('60','0','10','60','30','0','Beatae cupiditate nesciunt quis quod qui unde. Officia dolorem voluptatem ut vitae et. Quia id ut rerum perspiciatis at. Eos et eos veniam inventore. Iusto quis omnis quasi.'),
('61','0','1','61','1','0','Impedit quia hic et corporis. Sed sit nihil quo autem odio. Tempore fugit sit illo iusto sed ipsum molestiae doloremque. Voluptatibus qui deserunt qui praesentium officia.'),
('62','0','2','62','2','0','Repellendus numquam qui autem fugit inventore ab. Repellendus eos ipsum velit architecto. Eos consectetur quidem ut laudantium beatae. Quam quo repudiandae atque consequatur minima.'),
('63','0','3','63','3','0','Velit iste est ducimus pariatur ab et sed. Laboriosam qui non nisi totam quo autem et. Eum consequatur earum perspiciatis.'),
('64','0','4','64','4','0','Ipsa quae id quia iure. Quibusdam porro et nemo minima odio molestiae. Doloribus id recusandae consequuntur quaerat.'),
('65','0','5','65','5','0','Et ipsam voluptatem consequatur exercitationem autem. Id sint facere ipsa ipsum dicta in omnis. Qui doloremque quia voluptatum aspernatur. Fugiat est voluptatem cum labore nulla. Quo aliquam autem nam et repellendus voluptatum.'),
('66','0','6','66','6','0','Laboriosam harum inventore consectetur. Et sint modi voluptate non labore assumenda qui. Excepturi reiciendis asperiores est nihil. Et rerum harum est et inventore consectetur excepturi ad.'),
('67','0','7','67','7','0','Recusandae sed voluptatem aliquam aliquam beatae qui. Aspernatur tenetur eveniet at quasi laboriosam consequuntur nostrum. Id odio dolore velit doloribus dolores est.'),
('68','0','8','68','8','0','Quaerat aliquam nulla repudiandae et vel. Consectetur in est voluptatem laboriosam illum. Enim possimus voluptas nihil pariatur. Facere iste consequatur sed dolor nemo numquam harum.'),
('69','0','9','69','9','0','Est nam blanditiis non commodi itaque minus voluptas. Nobis dolor voluptatem totam itaque velit asperiores et. Autem magnam itaque suscipit aut enim ullam.'),
('70','0','10','70','10','0','Dignissimos harum hic in doloremque qui. Et eos magnam enim dolor enim recusandae animi aut. Ut non dolorem ab sed quia sit.'),
('71','0','1','71','11','0','Reiciendis officiis minima rerum voluptatum nobis. Odio aut ut facere ab. Doloremque error repudiandae omnis in eum. Earum vitae ipsam quod tempore ut aut.'),
('72','0','2','72','12','0','Aliquid et dolorum animi. Earum et alias ea sed. Recusandae unde nisi sunt qui aut voluptate. Nobis velit vel amet quia hic recusandae dolorem.'),
('73','0','3','73','13','0','Vel aperiam nisi maxime quasi et ut mollitia. Ut fuga voluptatum recusandae sed sapiente quas id eos. Fuga tempore rerum fugiat amet voluptatem.'),
('74','0','4','74','14','0','Aut in repellendus aut laboriosam voluptatem qui tenetur perspiciatis. Animi deserunt illo laudantium. Aut dolor dolor qui exercitationem inventore ipsa.'),
('75','0','5','75','15','0','Quas sed non est sed veritatis tempora culpa. Eligendi aut at tenetur.'),
('76','0','6','76','16','0','Eligendi voluptate non voluptas quia. Nulla saepe natus iusto ea similique dolore sit omnis. Minus reiciendis sequi id eum alias quisquam explicabo.'),
('77','0','7','77','17','0','Eum quaerat alias quasi ipsa voluptatibus sunt et. Sit minima iste ad veniam nobis possimus ut. Culpa voluptatem nisi id qui aperiam et optio.'),
('78','0','8','78','18','0','Aspernatur recusandae molestiae cum beatae aspernatur accusamus non. Qui eos dolorum deserunt voluptas enim odio harum. Ipsa numquam qui rerum dolor rerum. Necessitatibus rerum quibusdam nobis numquam.'),
('79','0','9','79','19','0','Voluptatem ut aut sit voluptatem. Natus beatae et animi corporis quos et et. Maxime voluptas quam officiis commodi occaecati non. At quo eius et dolor rerum accusantium cum.'),
('80','0','10','80','20','0','Harum qui et voluptatem distinctio sed. Dolores nihil quae dolorem saepe velit labore. Repellat asperiores repudiandae fuga harum tempora.'),
('81','0','1','81','21','0','Non consequatur ipsa eum in laboriosam nesciunt expedita. Rerum qui saepe dolorum odit. Et voluptatem aut aliquid molestiae et labore est.'),
('82','0','2','82','22','0','Libero natus doloremque velit officiis id illum praesentium. Error fugiat temporibus voluptatem aut. Est et et recusandae minima cumque distinctio.'),
('83','0','3','83','23','0','Labore non est dicta debitis nobis. Qui rerum incidunt eveniet saepe consequatur veniam animi.'),
('84','0','4','84','24','0','Veniam adipisci est sit cum non nam. Sunt nihil et earum nihil corrupti. Quasi iste optio molestiae reprehenderit vel ut numquam corporis.'),
('85','0','5','85','25','0','Fuga consequatur molestiae tenetur enim ea fugiat. Consequuntur magni minus voluptatem libero ab et. Commodi dolore sunt qui est ipsam quasi quia. Illum dignissimos dolores debitis minus rerum quo dolores nobis.'),
('86','0','6','86','26','0','Corporis optio est at et iure vel. Id deserunt voluptate dolores. Quas aut maxime ut eum asperiores vel eaque nesciunt. Et dolorem magni qui dicta et. Quisquam ullam quibusdam et omnis.'),
('87','0','7','87','27','0','In ullam expedita a hic sed facere voluptatem. Sed consequatur dolorem veritatis quo dignissimos. Quia dolores qui corporis est quo.'),
('88','0','8','88','28','0','Sed ratione omnis est vel numquam. Magnam quae officia vero corporis porro. Dolorem tenetur voluptas occaecati qui provident esse. Incidunt unde at aut adipisci cum necessitatibus ipsum.'),
('89','0','9','89','29','0','Nemo quod quis ipsa qui est. Consequatur velit consequatur omnis deleniti. Est error omnis velit hic quia.'),
('90','0','10','90','30','0','Voluptatem qui optio expedita exercitationem dicta accusantium. Ipsam explicabo magni voluptatem voluptatem maiores dolorum. Quisquam qui harum recusandae et. Id magnam et quam eos eos quia aut molestiae. Quibusdam repellat aut ut esse sequi in.'),
('91','0','1','91','1','0','Dolorem ullam nostrum incidunt iste quam accusamus. Iure nihil quibusdam dolor vel sint consectetur aut. Labore autem ut sit.'),
('92','0','2','92','2','0','Commodi aut et culpa sed. Eum aliquid et voluptatibus illo dolore quis. Qui adipisci similique consequatur aliquam suscipit eos voluptatem.'),
('93','0','3','93','3','0','Qui et quo voluptatem consequatur et sed vel facere. Temporibus ut quisquam accusamus. Modi est officiis modi in veritatis omnis voluptatem.'),
('94','0','4','94','4','0','Voluptas omnis praesentium assumenda consequatur maxime velit non. Est officiis qui tenetur quia consectetur. Voluptatem sint libero sunt qui.'),
('95','0','5','95','5','0','Quis sit quos nobis ullam ipsam. Fuga velit deserunt iste aspernatur et eligendi velit. Tempore vitae hic dolore aut. Et commodi harum nihil et fugit iure corporis.'),
('96','0','6','96','6','0','Voluptatibus molestias quia omnis delectus dolores voluptatem. Distinctio et numquam tempora voluptate. Qui ipsam rerum saepe sint totam ratione impedit ea. Dolorem est quia maxime sint odio sequi.'),
('97','0','7','97','7','0','Quod fugit maxime neque veniam quis temporibus esse. Dolor ducimus molestias voluptatibus aspernatur beatae libero. Nihil sed quo eaque. Dolore rerum eum quisquam voluptatem qui et.'),
('98','0','8','98','8','0','Dolore et dolor molestiae. Qui atque et illo modi impedit. Sed quo assumenda molestiae et id et ratione. Architecto eius quod odit ab ut officiis ut ducimus.'),
('99','0','9','99','9','0','Labore soluta assumenda iure ut. Sint voluptas voluptatum sed omnis exercitationem quis doloribus aut.'),
('100','0','10','100','10','0','Esse numquam sit quidem voluptates. Eum quidem asperiores veritatis qui aut doloribus corrupti. Ut id dolores est ut nisi qui est.'); 


DROP TABLE IF EXISTS `sizes`;
CREATE TABLE `sizes` (
  `id` bigint(20) unsigned NOT NULL AUTO_INCREMENT,
  `category_id` bigint(20) unsigned NOT NULL,
  `size` enum('42','44','46','48','36','37','38','39','56','68','74','80','86','92','s','m','l','xl','40','41') COLLATE utf8_unicode_ci DEFAULT NULL,
  PRIMARY KEY (`id`),
  KEY `category_id` (`category_id`),
  CONSTRAINT `sizes_ibfk_1` FOREIGN KEY (`category_id`) REFERENCES `category` (`id`)
) ENGINE=InnoDB AUTO_INCREMENT=21 DEFAULT CHARSET=utf8 COLLATE=utf8_unicode_ci;

INSERT INTO `sizes` VALUES ('1','1','56'),
('2','2','38'),
('3','3','92'),
('4','4','36'),
('5','5','s'),
('6','6','80'),
('7','7','44'),
('8','8','86'),
('9','9','s'),
('10','10','46'),
('11','1','40'),
('12','2','46'),
('13','3','38'),
('14','4','48'),
('15','5','38'),
('16','6','42'),
('17','7','68'),
('18','8','80'),
('19','9','s'),
('20','10','68'); 




DROP TABLE IF EXISTS `stock`;
CREATE TABLE `stock` (
  `id` bigint(20) unsigned NOT NULL AUTO_INCREMENT,
  `category_id` bigint(20) unsigned NOT NULL,
  `product_id` bigint(20) unsigned NOT NULL,
  `size_id` bigint(20) unsigned NOT NULL,
  `price` decimal(10,2) DEFAULT NULL,
  `quantity` bigint(20) DEFAULT NULL,
  PRIMARY KEY (`id`),
  KEY `product_id` (`product_id`),
  KEY `category_id` (`category_id`),
  KEY `size_id` (`size_id`),
  CONSTRAINT `stock_ibfk_1` FOREIGN KEY (`product_id`) REFERENCES `products` (`id`),
  CONSTRAINT `stock_ibfk_2` FOREIGN KEY (`category_id`) REFERENCES `category` (`id`),
  CONSTRAINT `stock_ibfk_3` FOREIGN KEY (`size_id`) REFERENCES `sizes` (`id`)
) ENGINE=InnoDB AUTO_INCREMENT=101 DEFAULT CHARSET=utf8 COLLATE=utf8_unicode_ci;

INSERT INTO `stock` VALUES ('1','1','1','1','39.69','8301'),
('2','2','2','2','2.80','43'),
('3','3','3','3','1978.76','3'),
('4','4','4','4','0.00','0'),
('5','5','5','5','0.00','5752'),
('6','6','6','6','1241094.53','12823'),
('7','7','7','7','0.00','66'),
('8','8','8','8','2347.96','5308330'),
('9','9','9','9','21053908.20','1'),
('10','10','10','10','0.00','0'),
('11','1','11','11','1056.32','1036813'),
('12','2','12','12','2527239.00','0'),
('13','3','13','13','3033.90','0'),
('14','4','14','14','0.00','224'),
('15','5','15','15','395508.39','616383'),
('16','6','16','16','0.00','2'),
('17','7','17','17','0.00','10729'),
('18','8','18','18','327.10','2040529'),
('19','9','19','19','10775499.40','5'),
('20','10','20','20','93377793.82','190700'),
('21','1','21','1','0.00','55549'),
('22','2','22','2','0.00','13'),
('23','3','23','3','99999999.99','36133573'),
('24','4','24','4','14.07','115497815'),
('25','5','25','5','590427.00','39'),
('26','6','26','6','38.60','1'),
('27','7','27','7','8921745.14','45'),
('28','8','28','8','0.00','3'),
('29','9','29','9','0.00','16612506'),
('30','10','30','10','4.50','124876686'),
('31','1','31','11','99999999.99','140'),
('32','2','32','12','0.00','526990'),
('33','3','33','13','3972.14','191902'),
('34','4','34','14','12148421.17','72965'),
('35','5','35','15','59.68','3641951'),
('36','6','36','16','2509.12','5761'),
('37','7','37','17','111.41','3223896'),
('38','8','38','18','12134673.00','50936'),
('39','9','39','19','6465250.88','744047'),
('40','10','40','20','388299.88','30282'),
('41','1','41','1','443585.30','0'),
('42','2','42','2','2839.32','23025582'),
('43','3','43','3','1643.05','0'),
('44','4','44','4','838.87','1079764'),
('45','5','45','5','0.00','0'),
('46','6','46','6','2012.54','66561'),
('47','7','47','7','7.23','8883'),
('48','8','48','8','8810.44','42391132'),
('49','9','49','9','59624.30','1187'),
('50','10','50','10','3.45','0'),
('51','1','51','11','2.74','3127916'),
('52','2','52','12','848.11','1856906'),
('53','3','53','13','656.40','0'),
('54','4','54','14','310358.65','10700909'),
('55','5','55','15','6.97','4486'),
('56','6','56','16','0.00','106820454'),
('57','7','57','17','2349798.60','15816'),
('58','8','58','18','4.81','0'),
('59','9','59','19','1063.95','10895519'),
('60','10','60','20','117645.00','4200894'),
('61','1','61','1','43822957.20','843'),
('62','2','62','2','0.00','287'),
('63','3','63','3','0.00','230002'),
('64','4','64','4','6.21','118317465'),
('65','5','65','5','99999999.99','345418'),
('66','6','66','6','5873.73','2'),
('67','7','67','7','0.00','45654'),
('68','8','68','8','84286994.00','225'),
('69','9','69','9','226.59','8061362'),
('70','10','70','10','2.01','0'),
('71','1','71','11','5587194.07','80'),
('72','2','72','12','63510962.75','412994'),
('73','3','73','13','12.67','10'),
('74','4','74','14','3.52','4389636'),
('75','5','75','15','4.60','0'),
('76','6','76','16','43.39','2261'),
('77','7','77','17','22083014.44','0'),
('78','8','78','18','60589.06','45686712'),
('79','9','79','19','6468.01','1247'),
('80','10','80','20','38.59','8'),
('81','1','81','1','0.00','1317'),
('82','2','82','2','99999999.99','250041809'),
('83','3','83','3','0.00','0'),
('84','4','84','4','2.26','518'),
('85','5','85','5','4078237.40','2442834'),
('86','6','86','6','10.85','760'),
('87','7','87','7','0.00','3'),
('88','8','88','8','12.69','0'),
('89','9','89','9','42.30','8239526'),
('90','10','90','10','10915.57','0'),
('91','1','91','11','652229.00','1'),
('92','2','92','12','0.10','2'),
('93','3','93','13','4250.61','0'),
('94','4','94','14','179.85','40672720'),
('95','5','95','15','0.60','663850796'),
('96','6','96','16','42395127.99','53255'),
('97','7','97','17','46524.55','209'),
('98','8','98','18','6.79','509353272'),
('99','9','99','19','3272.55','2412'),
('100','10','100','20','49.25','10301901'); 



DROP TABLE IF EXISTS `rewiews`;
CREATE TABLE `rewiews` (
  `id` bigint(20) unsigned NOT NULL AUTO_INCREMENT,
  `users_id` bigint(20) unsigned NOT NULL,
  `rewiew` varchar(255) COLLATE utf8_unicode_ci DEFAULT NULL,
  `product_id` bigint(20) unsigned NOT NULL,
  `rewiew_photo` bigint(20) unsigned NOT NULL,
  `mark` enum('1','2','3','4','5') COLLATE utf8_unicode_ci DEFAULT NULL,
  PRIMARY KEY (`id`),
  KEY `users_id` (`users_id`),
  KEY `product_id` (`product_id`),
  CONSTRAINT `rewiews_ibfk_1` FOREIGN KEY (`users_id`) REFERENCES `users` (`id`),
  CONSTRAINT `rewiews_ibfk_2` FOREIGN KEY (`product_id`) REFERENCES `products` (`id`)
) ENGINE=InnoDB AUTO_INCREMENT=31 DEFAULT CHARSET=utf8 COLLATE=utf8_unicode_ci;

INSERT INTO `rewiews` VALUES ('1','1',NULL,'1','0','5'),
('2','2',NULL,'2','0','2'),
('3','3',NULL,'3','0','3'),
('4','4',NULL,'4','0','1'),
('5','5',NULL,'5','0','3'),
('6','6',NULL,'6','0','3'),
('7','7',NULL,'7','0','3'),
('8','8',NULL,'8','0','4'),
('9','9',NULL,'9','0','2'),
('10','10',NULL,'10','0','3'),
('11','11',NULL,'11','0','1'),
('12','12',NULL,'12','0','3'),
('13','13',NULL,'13','0','5'),
('14','14',NULL,'14','0','5'),
('15','15',NULL,'15','0','3'),
('16','16',NULL,'16','0','3'),
('17','17',NULL,'17','0','4'),
('18','18',NULL,'18','0','2'),
('19','19',NULL,'19','0','2'),
('20','20',NULL,'20','0','2'),
('21','21',NULL,'21','0','4'),
('22','22',NULL,'22','0','2'),
('23','23',NULL,'23','0','4'),
('24','24',NULL,'24','0','1'),
('25','25',NULL,'25','0','5'),
('26','26',NULL,'26','0','5'),
('27','27',NULL,'27','0','2'),
('28','28',NULL,'28','0','5'),
('29','29',NULL,'29','0','3'),
('30','30',NULL,'30','0','3'); 




DROP TABLE IF EXISTS `promotions`;
CREATE TABLE `promotions` (
  `id` bigint(20) unsigned NOT NULL AUTO_INCREMENT,
  `promotion_name` varchar(100) COLLATE utf8_unicode_ci DEFAULT NULL,
  `description` varchar(255) COLLATE utf8_unicode_ci DEFAULT NULL,
  `photo` bigint(20) unsigned NOT NULL,
  `brands_id` bigint(20) unsigned NOT NULL,
  `category_id` bigint(20) unsigned NOT NULL,
  `begining` datetime DEFAULT NULL,
  `ending` datetime DEFAULT current_timestamp() ON UPDATE current_timestamp(),
  PRIMARY KEY (`id`),
  KEY `brands_id` (`brands_id`),
  KEY `category_id` (`category_id`),
  CONSTRAINT `promotions_ibfk_1` FOREIGN KEY (`brands_id`) REFERENCES `brands` (`id`),
  CONSTRAINT `promotions_ibfk_2` FOREIGN KEY (`category_id`) REFERENCES `category` (`id`)
) ENGINE=InnoDB AUTO_INCREMENT=21 DEFAULT CHARSET=utf8 COLLATE=utf8_unicode_ci;

INSERT INTO `promotions` VALUES ('1','molestiae','Et rerum rerum dolorem aliquam quo laborum. Cumque aut debitis et nulla et magni culpa. Explicabo amet repudiandae iste ullam aut. Inventore dolorum dolores accusantium qui dolores non.','0','1','1','2009-12-25 13:25:40','2014-03-01 17:01:37'),
('2','quia','Dolor assumenda id similique consequatur voluptas possimus et. Natus ut excepturi hic quia vel. Odit est odio placeat facere.','0','2','2','2001-10-25 23:43:44','1973-09-29 06:41:50'),
('3','magni','Occaecati fuga veritatis adipisci omnis. Eos repellat excepturi ratione modi in cupiditate eos iure. Modi dolorum alias exercitationem et consequuntur tempore reprehenderit. Officiis eum doloremque sit sit.','0','3','3','1970-07-28 12:07:09','1982-09-20 11:42:30'),
('4','deleniti','Repudiandae qui accusamus labore. Reprehenderit eius enim amet eum harum sed quaerat. Sed enim sit voluptatibus nulla. Sunt qui illo ipsum quia earum ea ad.','0','4','4','1980-10-21 13:43:32','1987-07-29 17:26:11'),
('5','reiciendis','Rem officia optio sunt vel ad. Earum ea ullam dolores eaque nemo.','0','5','5','1993-03-22 16:09:44','1999-02-19 08:15:20'),
('6','earum','Sed nihil sed voluptatem porro explicabo amet necessitatibus quibusdam. Et ullam at rerum necessitatibus sit qui. In omnis eos officia. Repellendus quibusdam beatae voluptatem esse et quis saepe. Exercitationem et recusandae doloribus totam ducimus corrup','0','6','6','1976-05-06 05:21:43','1988-05-10 07:17:19'),
('7','ut','Animi delectus totam quia veritatis ut molestiae. Aut hic nulla ea cumque dolorem. Itaque laborum repellendus numquam dolores. Magnam inventore qui corrupti consequatur minus.','0','7','7','1982-03-18 06:32:22','1982-03-23 06:27:04'),
('8','molestiae','Aut aspernatur dolor aut voluptates rerum. Ad molestiae quia sit voluptate atque voluptate voluptate.','0','8','8','1987-11-04 07:01:03','1971-10-20 05:13:43'),
('9','pariatur','Sunt nihil sunt quia et inventore. Voluptatem neque ipsum praesentium et non temporibus. Quidem quasi sunt enim ipsam aut excepturi. Qui delectus molestiae vel rerum quis maxime recusandae culpa. Dolorem recusandae sit et tenetur.','0','9','9','1987-05-20 21:22:56','2019-06-02 18:41:22'),
('10','recusandae','Atque ullam repudiandae vel rem enim. Quia ut blanditiis dolor est modi dolores accusantium delectus. Debitis est exercitationem qui est. Numquam odio voluptas cum natus exercitationem quia. Cupiditate sit consectetur deleniti voluptatem iusto ut.','0','10','10','2009-04-05 00:10:59','2005-10-07 20:42:10'),
('11','est','Accusantium sint cupiditate ullam non error voluptatem. Blanditiis velit iusto reprehenderit qui adipisci beatae non. Iure rerum autem est distinctio. Architecto unde illo sint.','0','11','1','2007-06-17 01:39:37','1998-07-16 09:02:48'),
('12','esse','Magni consequatur alias et soluta possimus et blanditiis iusto. Eum rem perspiciatis eum perspiciatis cumque sit provident. Et soluta et necessitatibus nisi. Sed quo vel a in accusamus quo.','0','12','2','2005-10-30 12:51:47','1993-02-22 05:34:56'),
('13','veniam','Ab eaque assumenda eum fuga placeat. Et recusandae vel et voluptatem vel quod.','0','13','3','1999-11-04 16:44:15','1983-11-07 10:51:56'),
('14','sint','Commodi nesciunt sit placeat sit ut. Natus dicta est consectetur quo. Non eius nam deserunt accusantium. Omnis sapiente animi quia unde aliquam.','0','14','4','1976-01-17 09:30:43','2000-01-22 07:48:20'),
('15','ipsam','Aut vero possimus ut consequatur corrupti quam. Quasi ab asperiores beatae. Quas non voluptatem consequatur at in nulla veritatis.','0','15','5','1987-07-08 15:56:20','1972-02-15 22:05:35'),
('16','non','Reprehenderit qui possimus porro sapiente nulla et. Est rem fuga ut. Qui ratione enim et expedita optio totam.','0','16','6','1975-10-23 03:12:30','2019-03-23 16:22:32'),
('17','ab','Itaque ut ut dolorem. Inventore sunt ipsam provident. Dolor sunt error similique. Quis rerum et facere consectetur et et blanditiis.','0','17','7','2014-11-03 04:07:05','1976-11-05 14:32:54'),
('18','ut','Dolorum perferendis aut debitis autem. Qui expedita magnam aut sunt accusamus magnam dolor. Quia laudantium aut facilis enim illo quas ratione. Perspiciatis et ut nam eos.','0','18','8','2003-11-14 19:44:36','1974-06-06 10:48:22'),
('19','et','Recusandae autem et aut dolor qui suscipit. Mollitia maxime ipsum non qui. Deserunt quidem eos aperiam. Mollitia id dolor repellat dolore voluptas.','0','19','9','2013-04-10 08:24:36','2020-05-13 14:37:21'),
('20','veritatis','Id sint earum occaecati quam assumenda recusandae quisquam illum. Incidunt natus architecto reiciendis. Est ut neque cupiditate numquam sit. Aut voluptatem dolor consequatur dolores ut magni qui.','0','20','10','2006-11-01 00:36:13','1999-09-15 02:16:02'); 


DROP TABLE IF EXISTS `photos`;
CREATE TABLE `photos` (
  `id` bigint(20) unsigned NOT NULL AUTO_INCREMENT,
  `users_id` bigint(20) unsigned NOT NULL,
  `brands_id` bigint(20) unsigned NOT NULL,
  `category_id` bigint(20) unsigned NOT NULL,
  `products_id` bigint(20) unsigned NOT NULL,
  `rewiew_id` bigint(20) unsigned NOT NULL,
  `promotions_id` bigint(20) unsigned NOT NULL,
  `filename` varchar(255) COLLATE utf8_unicode_ci DEFAULT NULL,
  `size` int(11) DEFAULT NULL,
  `metadata` longtext CHARACTER SET utf8mb4 COLLATE utf8mb4_bin DEFAULT NULL CHECK (json_valid(`metadata`)),
  `created_at` datetime DEFAULT current_timestamp(),
  `updated_at` datetime DEFAULT current_timestamp() ON UPDATE current_timestamp(),
  PRIMARY KEY (`id`),
  KEY `users_id` (`users_id`),
  KEY `brands_id` (`brands_id`),
  KEY `category_id` (`category_id`),
  KEY `products_id` (`products_id`),
  KEY `rewiew_id` (`rewiew_id`),
  KEY `promotions_id` (`promotions_id`),
  CONSTRAINT `photos_ibfk_1` FOREIGN KEY (`users_id`) REFERENCES `users` (`id`),
  CONSTRAINT `photos_ibfk_2` FOREIGN KEY (`brands_id`) REFERENCES `brands` (`id`),
  CONSTRAINT `photos_ibfk_3` FOREIGN KEY (`category_id`) REFERENCES `category` (`id`),
  CONSTRAINT `photos_ibfk_4` FOREIGN KEY (`products_id`) REFERENCES `products` (`id`),
  CONSTRAINT `photos_ibfk_5` FOREIGN KEY (`rewiew_id`) REFERENCES `rewiews` (`id`),
  CONSTRAINT `photos_ibfk_6` FOREIGN KEY (`promotions_id`) REFERENCES `promotions` (`id`)
) ENGINE=InnoDB AUTO_INCREMENT=101 DEFAULT CHARSET=utf8 COLLATE=utf8_unicode_ci;

INSERT INTO `photos` VALUES ('1','1','1','1','1','1','1','accusantium','8',NULL,'1994-11-06 19:27:30','2000-12-25 04:31:47'),
('2','2','2','2','2','2','2','laboriosam','466450199',NULL,'1983-12-16 19:11:33','2013-02-03 12:12:34'),
('3','3','3','3','3','3','3','nam','9170',NULL,'2006-10-16 12:46:43','1995-02-20 09:12:14'),
('4','4','4','4','4','4','4','nostrum','29701',NULL,'1999-09-03 18:39:07','2001-05-11 00:12:10'),
('5','5','5','5','5','5','5','qui','3062',NULL,'1979-06-30 00:45:39','1980-02-05 05:35:29'),
('6','6','6','6','6','6','6','ea','34',NULL,'2012-02-22 23:27:18','1979-11-16 23:24:39'),
('7','7','7','7','7','7','7','repellendus','15760',NULL,'1998-08-31 10:13:22','1997-04-08 14:09:04'),
('8','8','8','8','8','8','8','rem','679850049',NULL,'1993-03-17 10:54:56','1978-06-09 19:40:27'),
('9','9','9','9','9','9','9','asperiores','546318443',NULL,'1977-10-09 06:31:11','1996-04-25 09:51:31'),
('10','10','10','10','10','10','10','magnam','562',NULL,'2002-03-01 17:05:13','2001-01-05 23:01:16'),
('11','11','11','1','11','11','11','fugit','7',NULL,'1970-11-24 21:07:00','1977-01-18 15:34:02'),
('12','12','12','2','12','12','12','hic','178736735',NULL,'1997-01-27 08:44:23','1974-03-03 01:56:07'),
('13','13','13','3','13','13','13','quam','582',NULL,'2008-01-24 07:59:14','1982-03-28 11:08:23'),
('14','14','14','4','14','14','14','pariatur','8531687',NULL,'1970-12-03 02:45:05','1990-06-17 18:09:15'),
('15','15','15','5','15','15','15','veritatis','337649511',NULL,'2000-05-27 22:27:11','2015-02-21 04:53:40'),
('16','16','16','6','16','16','16','deserunt','7135141',NULL,'1990-03-12 12:53:44','1971-07-02 00:04:47'),
('17','17','17','7','17','17','17','impedit','2224593',NULL,'2013-12-22 06:33:27','1985-06-14 08:41:52'),
('18','18','18','8','18','18','18','quisquam','207',NULL,'2004-04-21 15:03:24','1988-09-22 00:06:55'),
('19','19','19','9','19','19','19','similique','9576',NULL,'1998-10-11 01:45:11','2015-02-08 16:54:12'),
('20','20','20','10','20','20','20','dolorem','19',NULL,'2008-02-10 06:07:22','1998-06-06 04:16:34'),
('21','21','21','1','21','21','1','recusandae','0',NULL,'1977-06-15 21:42:09','1983-10-10 09:48:59'),
('22','22','22','2','22','22','2','neque','808770811',NULL,'2015-05-23 01:14:16','1989-06-25 22:55:28'),
('23','23','23','3','23','23','3','qui','60846512',NULL,'1975-07-09 06:56:18','1986-09-04 02:49:34'),
('24','24','24','4','24','24','4','alias','80483',NULL,'2000-03-26 03:08:46','2019-09-26 13:55:22'),
('25','25','25','5','25','25','5','error','0',NULL,'1996-04-11 15:51:23','1994-12-30 10:59:58'),
('26','26','26','6','26','26','6','odio','0',NULL,'2015-06-18 17:11:32','1975-06-11 00:02:34'),
('27','27','27','7','27','27','7','facilis','508',NULL,'1975-03-02 11:52:53','1985-01-28 01:54:47'),
('28','28','28','8','28','28','8','iusto','5780891',NULL,'1971-10-24 11:54:29','2000-07-28 22:09:54'),
('29','29','29','9','29','29','9','veniam','315620',NULL,'2014-10-12 04:17:18','2014-08-16 21:46:20'),
('30','30','30','10','30','30','10','voluptatem','40052230',NULL,'2008-09-21 10:38:21','2017-06-30 12:31:41'),
('31','31','1','1','31','1','11','rerum','4093206',NULL,'2015-04-18 17:18:20','1985-02-27 02:41:27'),
('32','32','2','2','32','2','12','quo','71',NULL,'2019-07-23 15:35:13','2015-12-19 00:05:36'),
('33','33','3','3','33','3','13','iste','62',NULL,'2005-02-27 17:46:24','2014-03-11 08:24:09'),
('34','34','4','4','34','4','14','consequuntur','62882380',NULL,'1983-12-29 00:20:20','2000-05-26 17:58:59'),
('35','35','5','5','35','5','15','rerum','0',NULL,'1988-03-22 12:23:49','2013-09-08 23:23:02'),
('36','36','6','6','36','6','16','aut','78671',NULL,'2012-10-21 18:28:37','2009-11-05 16:15:15'),
('37','37','7','7','37','7','17','voluptates','4',NULL,'1973-11-05 00:46:19','1985-01-17 09:21:10'),
('38','38','8','8','38','8','18','sunt','52',NULL,'1997-10-19 17:46:51','1999-09-03 02:00:49'),
('39','39','9','9','39','9','19','quisquam','48',NULL,'1994-04-12 10:23:34','1999-10-15 14:05:20'),
('40','40','10','10','40','10','20','in','2',NULL,'2016-09-28 22:29:57','2017-04-27 03:02:13'),
('41','41','11','1','41','11','1','cumque','33045978',NULL,'2005-08-29 13:40:38','1991-12-10 17:46:22'),
('42','42','12','2','42','12','2','vitae','1742553',NULL,'2004-04-01 13:38:53','2017-12-29 13:06:08'),
('43','43','13','3','43','13','3','similique','883',NULL,'1990-07-05 17:49:57','2004-02-14 17:50:37'),
('44','44','14','4','44','14','4','eum','0',NULL,'1991-05-23 12:28:45','2000-02-28 04:08:25'),
('45','45','15','5','45','15','5','corporis','8449',NULL,'1993-08-15 05:28:17','1970-03-21 01:08:29'),
('46','46','16','6','46','16','6','dignissimos','68',NULL,'2016-08-01 15:11:14','2014-09-06 02:46:21'),
('47','47','17','7','47','17','7','et','259770509',NULL,'1991-07-07 07:16:27','1991-05-16 19:14:01'),
('48','48','18','8','48','18','8','sed','465801',NULL,'2011-07-06 17:39:54','1971-08-25 02:44:05'),
('49','49','19','9','49','19','9','eligendi','5790',NULL,'2000-03-09 18:25:17','1972-12-18 10:44:35'),
('50','50','20','10','50','20','10','nobis','7',NULL,'1999-04-26 18:43:50','2012-06-05 06:40:53'),
('51','51','21','1','51','21','11','pariatur','12308074',NULL,'1973-10-02 05:01:37','2014-03-16 02:30:25'),
('52','52','22','2','52','22','12','similique','0',NULL,'2001-06-11 09:55:21','2004-08-28 09:33:25'),
('53','53','23','3','53','23','13','nisi','8',NULL,'2006-07-01 02:15:37','2015-02-21 05:19:02'),
('54','54','24','4','54','24','14','aut','50',NULL,'2002-03-30 01:01:26','2004-09-05 05:16:19'),
('55','55','25','5','55','25','15','ipsam','492527719',NULL,'2001-08-06 19:03:05','1993-05-24 09:27:41'),
('56','56','26','6','56','26','16','exercitationem','344',NULL,'1993-12-29 12:13:03','1996-05-13 01:22:17'),
('57','57','27','7','57','27','17','ea','6581732',NULL,'2008-06-27 13:47:11','2020-04-06 16:52:57'),
('58','58','28','8','58','28','18','dolores','1847793',NULL,'1996-05-22 05:34:31','1994-09-02 17:54:51'),
('59','59','29','9','59','29','19','esse','0',NULL,'1996-10-14 09:24:39','2001-04-11 18:19:35'),
('60','60','30','10','60','30','20','dolore','831525',NULL,'1975-01-30 01:55:22','2007-08-04 18:09:08'),
('61','61','1','1','61','1','1','quidem','8654610',NULL,'1981-10-14 02:29:48','1970-05-31 16:37:51'),
('62','62','2','2','62','2','2','ut','95827921',NULL,'1981-10-31 12:59:57','2018-08-14 22:09:33'),
('63','63','3','3','63','3','3','quas','16605391',NULL,'1980-06-06 09:55:45','1992-01-07 13:45:36'),
('64','64','4','4','64','4','4','dicta','548',NULL,'1984-11-14 19:56:17','2003-09-03 01:11:20'),
('65','65','5','5','65','5','5','et','10',NULL,'2012-12-19 09:23:14','1998-09-26 05:02:43'),
('66','66','6','6','66','6','6','aut','456',NULL,'1981-08-22 22:00:47','1996-05-05 10:04:08'),
('67','67','7','7','67','7','7','ut','6784',NULL,'2006-01-19 07:19:29','1986-04-06 12:34:03'),
('68','68','8','8','68','8','8','sequi','0',NULL,'1986-04-27 14:46:54','2009-09-24 13:33:04'),
('69','69','9','9','69','9','9','autem','416',NULL,'2002-01-23 15:28:18','2016-08-04 22:59:51'),
('70','70','10','10','70','10','10','blanditiis','702252109',NULL,'1974-03-25 12:12:42','1977-11-12 17:04:39'),
('71','71','11','1','71','11','11','pariatur','3122',NULL,'1994-06-20 19:33:54','1977-06-24 23:56:54'),
('72','72','12','2','72','12','12','aut','59664',NULL,'2007-03-16 12:29:45','2012-01-11 22:33:23'),
('73','73','13','3','73','13','13','praesentium','0',NULL,'1995-03-19 14:11:49','1996-09-23 20:39:21'),
('74','74','14','4','74','14','14','ut','614946',NULL,'1983-01-31 15:06:01','2009-07-17 18:09:11'),
('75','75','15','5','75','15','15','sed','849117941',NULL,'1971-09-05 17:02:42','1975-08-15 14:46:16'),
('76','76','16','6','76','16','16','magni','4344684',NULL,'2007-04-04 06:32:20','2006-10-26 04:42:17'),
('77','77','17','7','77','17','17','consequatur','23738410',NULL,'2011-12-08 12:48:47','2015-12-01 12:54:19'),
('78','78','18','8','78','18','18','sunt','187280',NULL,'2016-03-04 15:07:18','2007-08-19 04:26:05'),
('79','79','19','9','79','19','19','doloribus','306296137',NULL,'2020-06-08 16:57:59','1976-07-10 21:37:57'),
('80','80','20','10','80','20','20','cupiditate','12723',NULL,'2013-05-04 01:08:31','1988-06-30 03:47:31'),
('81','81','21','1','81','21','1','velit','7',NULL,'1973-06-24 05:43:37','1981-06-17 02:06:07'),
('82','82','22','2','82','22','2','commodi','110',NULL,'1982-08-28 07:49:26','2011-10-17 18:41:06'),
('83','83','23','3','83','23','3','voluptatem','18653',NULL,'1998-05-02 12:10:16','2014-10-23 15:32:37'),
('84','84','24','4','84','24','4','commodi','753958',NULL,'1987-11-01 10:08:29','1973-07-12 03:06:14'),
('85','85','25','5','85','25','5','officiis','9',NULL,'2010-07-25 16:20:25','2001-06-12 15:11:48'),
('86','86','26','6','86','26','6','quo','93267835',NULL,'1990-12-25 07:34:18','1990-09-08 05:24:26'),
('87','87','27','7','87','27','7','eius','905117',NULL,'1999-11-07 20:54:26','1999-05-17 14:23:50'),
('88','88','28','8','88','28','8','odio','23',NULL,'1976-01-18 12:56:54','2001-08-01 02:33:15'),
('89','89','29','9','89','29','9','debitis','84830',NULL,'1982-05-30 21:03:30','2020-01-27 19:23:58'),
('90','90','30','10','90','30','10','ullam','781754773',NULL,'2020-03-11 16:42:56','1975-06-07 05:40:22'),
('91','91','1','1','91','1','11','est','26722551',NULL,'1970-10-17 11:38:34','2002-10-22 17:48:22'),
('92','92','2','2','92','2','12','aliquam','0',NULL,'2013-05-20 23:56:48','1997-07-03 16:09:53'),
('93','93','3','3','93','3','13','aut','68702',NULL,'2002-02-19 12:23:34','1984-09-29 14:59:46'),
('94','94','4','4','94','4','14','et','83',NULL,'1996-04-25 06:31:39','1995-11-11 08:39:22'),
('95','95','5','5','95','5','15','aut','59307',NULL,'2007-09-04 00:25:23','1990-09-20 05:33:42'),
('96','96','6','6','96','6','16','repudiandae','2817889',NULL,'1991-06-02 04:42:36','2014-10-20 12:58:06'),
('97','97','7','7','97','7','17','et','5775918',NULL,'2011-07-19 17:24:17','1970-02-25 21:51:01'),
('98','98','8','8','98','8','18','rerum','84',NULL,'2011-10-11 14:14:26','1987-02-14 05:10:45'),
('99','99','9','9','99','9','19','quaerat','82955',NULL,'1978-06-18 04:25:35','1972-08-02 20:27:28'),
('100','100','10','10','100','10','20','saepe','402174260',NULL,'1996-04-28 08:07:00','2004-11-17 14:37:05'); 



DROP TABLE IF EXISTS `requests`;
CREATE TABLE `requests` (
  `id` bigint(20) unsigned NOT NULL AUTO_INCREMENT,
  `user_id` bigint(20) unsigned NOT NULL,
  `reasons` enum('возврат товара','оплата','доставка','учетная запись','другое') COLLATE utf8_unicode_ci DEFAULT NULL,
  `request` varchar(255) COLLATE utf8_unicode_ci DEFAULT NULL,
  `requesr_created_at` datetime DEFAULT current_timestamp(),
  `answer` varchar(100) COLLATE utf8_unicode_ci DEFAULT NULL,
  `answer_created_at` datetime DEFAULT current_timestamp(),
  `operator_name` varchar(100) COLLATE utf8_unicode_ci DEFAULT NULL,
  PRIMARY KEY (`id`),
  KEY `user_id` (`user_id`),
  CONSTRAINT `requests_ibfk_1` FOREIGN KEY (`user_id`) REFERENCES `users` (`id`)
) ENGINE=InnoDB AUTO_INCREMENT=11 DEFAULT CHARSET=utf8 COLLATE=utf8_unicode_ci;

INSERT INTO `requests` VALUES ('1','1','учетная запись',NULL,'2012-03-12 05:30:52','Perferendis nesciunt et assumenda.','1971-05-31 17:46:50','culpa'),
('2','2','возврат товара',NULL,'2002-04-06 11:47:34','Beatae illum ut veritatis animi totam.','1992-08-01 04:11:21','voluptatem'),
('3','3','возврат товара',NULL,'2002-03-25 21:03:15','Qui voluptatem error at iure aut in accusantium et.','2019-12-26 16:17:03','nam'),
('4','4','другое',NULL,'1979-01-11 08:42:12','Rerum aut adipisci exercitationem itaque.','1996-01-03 06:32:29','eum'),
('5','5','учетная запись',NULL,'1978-11-17 06:55:11','Ab cum enim consequatur aut quia iusto ut.','1983-04-13 00:05:51','consectetur'),
('6','6','оплата',NULL,'2006-10-09 08:28:59','Et dolorem mollitia voluptatibus dolores qui.','2005-03-07 13:39:39','aut'),
('7','7','другое',NULL,'2012-03-05 14:11:39','Ut ut nulla natus voluptates molestiae.','1997-05-25 02:42:08','voluptate'),
('8','8','учетная запись',NULL,'2008-10-27 08:18:38','Eos aliquid ex quae magnam.','1994-09-15 19:38:44','enim'),
('9','9','учетная запись',NULL,'2003-09-27 17:17:44','Culpa cum commodi nihil fuga.','1971-06-26 22:34:12','repellat'),
('10','10','возврат товара',NULL,'1981-06-16 22:38:58','Reiciendis repudiandae ducimus repellendus veniam.','2006-07-03 05:06:08','in'); 




DROP TABLE IF EXISTS `orders`;
CREATE TABLE `orders` (
  `id` bigint(20) unsigned NOT NULL AUTO_INCREMENT,
  `order` bigint(20) unsigned NOT NULL,
  `date` datetime DEFAULT current_timestamp(),
  `user_id` bigint(20) unsigned NOT NULL,
  `product_id` bigint(20) unsigned NOT NULL,
  `delivery_type_id` bigint(20) unsigned NOT NULL,
  `address` varchar(100) COLLATE utf8_unicode_ci DEFAULT NULL,
  `payment_id` bigint(20) unsigned NOT NULL,
  PRIMARY KEY (`id`),
  KEY `user_id` (`user_id`),
  KEY `product_id` (`product_id`),
  KEY `delivery_type_id` (`delivery_type_id`),
  KEY `payment_id` (`payment_id`),
  CONSTRAINT `orders_ibfk_1` FOREIGN KEY (`user_id`) REFERENCES `users` (`id`),
  CONSTRAINT `orders_ibfk_2` FOREIGN KEY (`product_id`) REFERENCES `products` (`id`),
  CONSTRAINT `orders_ibfk_3` FOREIGN KEY (`delivery_type_id`) REFERENCES `delivery` (`id`),
  CONSTRAINT `orders_ibfk_4` FOREIGN KEY (`payment_id`) REFERENCES `payments` (`id`)
) ENGINE=InnoDB AUTO_INCREMENT=101 DEFAULT CHARSET=utf8 COLLATE=utf8_unicode_ci;

INSERT INTO `orders` VALUES ('1','0','1993-07-21 19:41:43','1','1','1','49900 Hilbert Garden\nSengerview, RI 25094','1'),
('2','73379041','1976-01-22 03:06:50','2','2','2','982 Leuschke Terrace\nO\'Haratown, TN 99843-9582','2'),
('3','759','1992-08-28 11:59:12','3','3','3','866 Jonatan Shores\nHicklebury, OH 02691','3'),
('4','902739','1971-10-04 03:40:37','4','4','4','0862 Marks Shores\nMosheton, NM 20805','4'),
('5','312','1979-01-05 19:28:59','5','5','5','5259 Quigley Camp\nWest Shawna, NJ 88385','5'),
('6','23','1981-03-11 23:28:43','6','6','6','81718 Lorine Shores Apt. 239\nBernadetteland, NY 08748','6'),
('7','159336','2009-02-17 05:29:47','7','7','7','127 Francisca Ville\nStokesville, OH 55703-7803','7'),
('8','80058','1974-08-27 23:15:31','8','8','8','66792 Wolff Trace Suite 303\nCrooksville, NV 95729','8'),
('9','49','1987-03-24 18:23:56','9','9','9','091 Kip Route\nCaesarview, IA 40519-0700','9'),
('10','778091125','2000-02-20 06:36:58','10','10','10','47285 Satterfield Islands\nHagenesshire, IN 91420-3206','10'),
('11','688492','2011-10-13 05:24:57','11','11','11','64450 Kohler Club Suite 317\nEast Devynton, OH 63561','11'),
('12','296659','2010-07-19 01:34:59','12','12','12','321 West Hollow\nLake Anyaland, NV 99101-7055','12'),
('13','882','1972-10-08 07:32:38','13','13','13','1788 Wunsch Lane\nWest Kennith, AZ 45780','13'),
('14','8713','1999-10-01 02:36:25','14','14','14','872 Parisian Haven Apt. 015\nDenesikton, TX 20837','14'),
('15','964516','2002-11-05 14:35:45','15','15','15','14039 Wyman Place\nEast Jocelynchester, VT 09045','15'),
('16','851','1987-02-28 08:38:34','16','16','16','2532 Runolfsson Creek Suite 698\nNorth Ruth, UT 74965-7793','16'),
('17','90','2014-05-26 16:52:24','17','17','17','609 Josie Springs\nLarsonburgh, TX 38623-3395','17'),
('18','4','2008-03-06 10:42:52','18','18','18','0113 Domenick Stream Apt. 174\nNew Marcelinotown, OR 37693','18'),
('19','633616','1971-08-04 22:57:41','19','19','19','153 Dooley Tunnel\nAlexaneburgh, WV 76734','19'),
('20','87497','2012-09-04 17:31:30','20','20','20','2022 Denesik Stream Apt. 295\nSwifthaven, NE 21817-6647','20'),
('21','78225708','2007-01-13 18:40:24','21','21','21','341 Brekke Valleys\nBalistreriport, WA 44960-9783','21'),
('22','0','1970-08-26 21:20:10','22','22','22','718 Coby Underpass\nNorth Berrymouth, NE 67511-8922','22'),
('23','813','1996-02-19 22:02:56','23','23','23','530 Golden Divide Suite 692\nEast Alexandreaton, IA 79010-5425','23'),
('24','588536','1997-08-03 00:16:28','24','24','24','0616 Jennie Villages\nVioletteview, HI 16554-0685','24'),
('25','468571919','2000-03-28 11:51:19','25','25','25','23409 Shannon Alley Suite 830\nOrvillebury, DC 65655-8873','25'),
('26','2331412','1978-06-07 21:04:33','26','26','26','20862 McGlynn Field Suite 973\nSouth Jackson, IA 65314','26'),
('27','649663','1993-03-19 10:14:07','27','27','27','050 Abe Station\nLake Evalynside, AK 45433-5805','27'),
('28','0','2007-06-19 19:18:33','28','28','28','9633 Collins Squares Suite 298\nPort Haleyfort, TN 08132','28'),
('29','5819','2014-10-26 17:48:07','29','29','29','223 Doyle Springs\nHodkiewiczshire, MD 99137','29'),
('30','24821','1980-05-22 05:35:54','30','30','30','57143 Weissnat Extensions Apt. 801\nNorth Yoshikoville, IL 42462-1879','30'),
('31','700982','2012-06-27 08:07:22','31','31','31','621 Kristin Oval Apt. 821\nSchuppeshire, CO 33827','31'),
('32','85','1971-08-30 02:26:35','32','32','32','808 Wilderman Crossroad Apt. 434\nWest Sanfordhaven, VA 15209','32'),
('33','193342','1985-03-11 03:12:12','33','33','33','9573 Jayce Route\nKarianefurt, MI 04810','33'),
('34','71','1971-05-18 19:55:41','34','34','34','68741 Funk Loop\nBahringerland, IA 12656','34'),
('35','663888','1990-10-03 02:43:56','35','35','35','08053 Rashad Common Apt. 471\nPort Braulio, VT 87357-9388','35'),
('36','596646022','1996-02-13 19:12:55','36','36','36','842 Baumbach Circles\nMcLaughlinton, OK 68699-2330','36'),
('37','209904808','2015-09-06 01:09:01','37','37','37','77007 Sawayn Parks\nNew Edmondhaven, VT 89647','37'),
('38','696293746','2004-03-28 05:26:23','38','38','38','2757 Metz Street Apt. 204\nCaleighhaven, NJ 11223','38'),
('39','62','1986-03-07 19:21:58','39','39','39','91456 Hane Rue Suite 925\nSouth Tara, AK 38185-4937','39'),
('40','98','1981-12-02 18:18:58','40','40','40','15250 Leuschke Corner Suite 298\nAltaview, IA 22317','40'),
('41','68','2011-03-26 14:05:32','41','41','41','94635 Lempi Forge\nNew Freemantown, PA 22519','41'),
('42','86107741','2000-06-13 11:42:38','42','42','42','168 Kiehn Forks Apt. 653\nNew Bradley, VA 36410-2137','42'),
('43','368937','2020-01-04 01:11:03','43','43','43','7516 Hackett Manor Suite 455\nHowellburgh, MA 34560-3483','43'),
('44','0','2009-11-06 00:28:47','44','44','44','31075 Conn Street\nNeldabury, NM 26339-8377','44'),
('45','2','1984-12-21 04:37:38','45','45','45','5871 Bosco Station\nWest Juanitafort, DE 37828','45'),
('46','8151','2019-05-11 01:00:59','46','46','46','7477 Koepp Ways\nSouth Zitaberg, LA 17763-1236','46'),
('47','93960','2015-02-18 22:20:06','47','47','47','019 Layla Gateway\nNew Keira, AZ 00677-4234','47'),
('48','459140','1970-12-05 22:52:39','48','48','48','729 Bednar View\nEast Coyfurt, NC 22075','48'),
('49','3351700','2008-01-04 15:02:14','49','49','49','650 Bechtelar Walk\nPort Hailie, IA 06958-9026','49'),
('50','0','2019-12-20 05:09:30','50','50','50','40330 Napoleon Parks\nRaquelburgh, TX 17870-3889','50'),
('51','6582146','2014-01-02 14:08:05','51','51','51','967 Rowan Underpass Suite 674\nIssacbury, AR 59035','51'),
('52','9','2018-09-24 19:19:59','52','52','52','0773 Renner Rue Apt. 260\nEast Esperanza, OR 35484','52'),
('53','2222404','1988-07-16 19:31:07','53','53','53','47266 Murray Row\nEast Dougfurt, UT 91861','53'),
('54','4774347','2009-05-03 18:37:09','54','54','54','066 Jeanne Key Apt. 598\nLake Vernon, SC 35277-6732','54'),
('55','964496','1985-03-16 19:05:30','55','55','55','20969 Smitham Harbor\nLake Newell, NC 70886-4673','55'),
('56','609396','1973-04-02 21:17:40','56','56','56','3765 Hayes Cliffs Suite 423\nLake Montana, AZ 68239','56'),
('57','741557','1991-05-01 01:18:41','57','57','57','4805 Ward Pine\nSouth Bo, NE 77640','57'),
('58','66688170','1993-12-19 06:12:31','58','58','58','12923 Paris Mount Suite 204\nLemkemouth, AK 48616-2550','58'),
('59','438833','1996-04-03 13:08:52','59','59','59','920 Labadie Street\nBeckerburgh, LA 25826','59'),
('60','0','1983-03-18 00:07:49','60','60','60','2151 Faye Summit\nEast Zackery, KS 38511','60'),
('61','9607','2013-06-09 02:28:39','61','61','61','76577 Nadia Garden Suite 669\nNormaport, MS 96849','61'),
('62','0','2011-09-11 08:29:58','62','62','62','02898 Muller Loop\nRolfsonport, AR 92210','62'),
('63','2','2011-01-27 21:57:47','63','63','63','643 Daugherty Wells Apt. 001\nRhettland, MI 08741-6836','63'),
('64','2558001','1984-12-09 08:42:47','64','64','64','57616 Georgianna Manors\nTessview, AK 41184-5927','64'),
('65','83628707','2006-04-27 18:01:41','65','65','65','7745 Runte Summit Suite 791\nSouth Geovanny, MT 16871-0334','65'),
('66','296124954','2010-10-26 11:07:13','66','66','66','16929 Ericka Throughway\nLambertton, AZ 62138-8805','66'),
('67','17','2013-07-14 04:02:12','67','67','67','26217 Stewart Drive\nRaynortown, LA 13407-8900','67'),
('68','72','1980-03-04 04:13:57','68','68','68','2089 Ofelia Crest Suite 262\nBartolettiview, CO 87733-8442','68'),
('69','226504','1980-01-31 06:15:17','69','69','69','02217 Gislason Village Apt. 326\nHickleland, PA 67553-1481','69'),
('70','50','2000-06-22 20:47:24','70','70','70','2286 Otto Divide Apt. 045\nNew Van, DE 62563-3049','70'),
('71','4633000','1999-07-22 05:18:42','71','71','71','223 Eichmann Circle Apt. 979\nSouth Bertaside, VA 42399-9634','71'),
('72','288719','1991-03-11 07:59:38','72','72','72','1057 Douglas Plains Apt. 544\nEast Bricefort, ME 07908-1406','72'),
('73','8109','1988-07-25 06:05:25','73','73','73','29311 Sanford Court Apt. 184\nEast Hershel, IA 84174-7555','73'),
('74','2561','1974-03-02 11:43:57','74','74','74','913 Marks Villages Suite 607\nPort Kasandra, DE 37063-1328','74'),
('75','55','1971-07-11 16:45:47','75','75','75','482 Providenci Plain Apt. 501\nNorth Shana, ID 03451','75'),
('76','398734382','1992-05-12 14:49:11','76','76','76','8725 Klocko Ports\nLake Willow, WA 29597','76'),
('77','4176808','1994-03-06 07:51:31','77','77','77','0340 Witting Freeway\nTurcotteside, MT 48398-1940','77'),
('78','71746871','2010-08-23 07:00:23','78','78','78','712 Schmeler Drive Suite 734\nWest Hadley, TN 04574','78'),
('79','62955','2005-08-05 00:13:46','79','79','79','932 Lauryn Road\nRaleighburgh, CA 64498','79'),
('80','6','1997-08-17 21:55:48','80','80','80','44683 Kunde Bypass Apt. 934\nSchinnershire, VA 31025','80'),
('81','416079161','1985-04-27 14:04:33','81','81','81','587 Hannah Passage\nLarkinberg, MN 81422','81'),
('82','18','1978-06-15 15:48:10','82','82','82','0086 Block Fall Apt. 506\nRuntefort, PA 44568','82'),
('83','35','1989-12-20 03:10:42','83','83','83','486 Eloise Camp Apt. 417\nBartholomehaven, CA 82700-3336','83'),
('84','40100633','1990-10-03 00:58:36','84','84','84','013 Erdman Center Apt. 889\nNew Elliot, ME 34372','84'),
('85','86430','1972-12-26 03:04:17','85','85','85','7284 Brannon Mall\nNorth Wellingtonville, NH 60442','85'),
('86','3923345','1974-09-07 16:37:56','86','86','86','9455 Tara Mount\nTrentside, RI 60154','86'),
('87','324213447','1984-09-05 06:31:45','87','87','87','60879 Rolfson Landing Suite 826\nLake Esta, SC 96744','87'),
('88','7','1990-01-23 10:28:15','88','88','88','5130 Armstrong Mountains\nWest Eloy, NH 29294','88'),
('89','936263','1991-08-20 13:35:36','89','89','89','0207 Veum Street Apt. 542\nNew Kathleen, AZ 71576-8628','89'),
('90','97911','1997-07-25 06:24:57','90','90','90','387 Judge Rue\nWest Palma, DC 67071','90'),
('91','5','1978-07-11 23:42:15','91','91','91','229 Lurline Loaf Suite 550\nNorth Lorenzomouth, FL 31458-7743','91'),
('92','8300941','1976-12-04 00:22:31','92','92','92','843 Wyatt Harbor\nRhodafort, NH 86758-9852','92'),
('93','0','2005-09-30 15:28:57','93','93','93','1329 Seamus Streets\nKesslerborough, AL 06646','93'),
('94','0','1993-06-11 00:36:03','94','94','94','031 Caroline Corners Apt. 232\nPort Lexi, WA 91158-3861','94'),
('95','446773763','2005-09-15 03:14:17','95','95','95','281 Schimmel Loaf\nEast Luis, MT 94651-8769','95'),
('96','706','1990-11-10 20:01:03','96','96','96','8118 Glover Tunnel Suite 799\nEast Jany, MD 12554','96'),
('97','24111','1983-02-03 21:14:23','97','97','97','1990 Bailey Lodge\nNew Tatyanabury, OR 50321-6803','97'),
('98','18565','1991-02-11 05:24:24','98','98','98','970 Era Bypass\nNorth Alexport, CA 04946-8376','98'),
('99','0','1999-10-02 11:50:09','99','99','99','948 Stokes Shore\nSouth Cooperchester, MN 57308-9576','99'),
('100','0','1988-01-17 11:31:28','100','100','100','627 Javon Manors\nStrosinburgh, MT 54609-7034','100'); 


DROP TABLE IF EXISTS `order_goods`;
CREATE TABLE `order_goods` (
  `id` bigint(20) unsigned NOT NULL AUTO_INCREMENT,
  `order_id` bigint(20) unsigned NOT NULL,
  `product_id` bigint(20) unsigned NOT NULL,
  `quantity` bigint(20) DEFAULT NULL,
  PRIMARY KEY (`id`),
  KEY `order_id` (`order_id`),
  KEY `product_id` (`product_id`),
  CONSTRAINT `order_goods_ibfk_1` FOREIGN KEY (`order_id`) REFERENCES `orders` (`id`),
  CONSTRAINT `order_goods_ibfk_2` FOREIGN KEY (`product_id`) REFERENCES `products` (`id`)
) ENGINE=InnoDB AUTO_INCREMENT=101 DEFAULT CHARSET=utf8 COLLATE=utf8_unicode_ci;

INSERT INTO `order_goods` VALUES ('1','1','1','1716'),
('2','2','2','387'),
('3','3','3','265803'),
('4','4','4','628667'),
('5','5','5','64'),
('6','6','6','5404189'),
('7','7','7','509'),
('8','8','8','169263'),
('9','9','9','3583616'),
('10','10','10','33251'),
('11','11','11','3770546'),
('12','12','12','117475181'),
('13','13','13','46877978'),
('14','14','14','506'),
('15','15','15','637'),
('16','16','16','46630118'),
('17','17','17','6198159'),
('18','18','18','209'),
('19','19','19','1'),
('20','20','20','170782645'),
('21','21','21','18'),
('22','22','22','47'),
('23','23','23','0'),
('24','24','24','0'),
('25','25','25','1210835'),
('26','26','26','3193123'),
('27','27','27','4'),
('28','28','28','38'),
('29','29','29','2'),
('30','30','30','16251'),
('31','31','31','0'),
('32','32','32','35'),
('33','33','33','45050438'),
('34','34','34','28246'),
('35','35','35','54018'),
('36','36','36','48'),
('37','37','37','570078'),
('38','38','38','1005'),
('39','39','39','483'),
('40','40','40','285'),
('41','41','41','1157'),
('42','42','42','3'),
('43','43','43','5'),
('44','44','44','36661'),
('45','45','45','79'),
('46','46','46','2560476'),
('47','47','47','9'),
('48','48','48','261008'),
('49','49','49','26264025'),
('50','50','50','4495'),
('51','51','51','17289974'),
('52','52','52','109'),
('53','53','53','0'),
('54','54','54','1'),
('55','55','55','32'),
('56','56','56','451116124'),
('57','57','57','86238'),
('58','58','58','0'),
('59','59','59','0'),
('60','60','60','0'),
('61','61','61','2562589'),
('62','62','62','3'),
('63','63','63','76837769'),
('64','64','64','0'),
('65','65','65','2305939'),
('66','66','66','12498566'),
('67','67','67','0'),
('68','68','68','1838766'),
('69','69','69','656494'),
('70','70','70','9829307'),
('71','71','71','282792'),
('72','72','72','25920122'),
('73','73','73','5813'),
('74','74','74','7958'),
('75','75','75','469'),
('76','76','76','960250'),
('77','77','77','304539'),
('78','78','78','0'),
('79','79','79','139'),
('80','80','80','1'),
('81','81','81','4'),
('82','82','82','0'),
('83','83','83','16355'),
('84','84','84','21393'),
('85','85','85','132110054'),
('86','86','86','520560049'),
('87','87','87','12713'),
('88','88','88','240897'),
('89','89','89','2281'),
('90','90','90','132'),
('91','91','91','25'),
('92','92','92','130'),
('93','93','93','40547728'),
('94','94','94','64'),
('95','95','95','6214'),
('96','96','96','37554'),
('97','97','97','56173'),
('98','98','98','170'),
('99','99','99','0'),
('100','100','100','6245'); 



DROP TABLE IF EXISTS `purchases`;
CREATE TABLE `purchases` (
  `id` bigint(20) unsigned NOT NULL AUTO_INCREMENT,
  `amount` bigint(20) unsigned NOT NULL,
  `user_id` bigint(20) unsigned NOT NULL,
  `order_id` bigint(20) unsigned NOT NULL,
  `product_id` bigint(20) unsigned NOT NULL,
  `payment_id` bigint(20) unsigned NOT NULL,
  `delivery_id` bigint(20) unsigned NOT NULL,
  PRIMARY KEY (`id`),
  KEY `user_id` (`user_id`),
  KEY `order_id` (`order_id`),
  KEY `product_id` (`product_id`),
  KEY `payment_id` (`payment_id`),
  KEY `delivery_id` (`delivery_id`),
  CONSTRAINT `purchases_ibfk_1` FOREIGN KEY (`user_id`) REFERENCES `users` (`id`),
  CONSTRAINT `purchases_ibfk_2` FOREIGN KEY (`order_id`) REFERENCES `orders` (`id`),
  CONSTRAINT `purchases_ibfk_3` FOREIGN KEY (`product_id`) REFERENCES `products` (`id`),
  CONSTRAINT `purchases_ibfk_4` FOREIGN KEY (`payment_id`) REFERENCES `payments` (`id`),
  CONSTRAINT `purchases_ibfk_5` FOREIGN KEY (`delivery_id`) REFERENCES `delivery` (`id`)
) ENGINE=InnoDB AUTO_INCREMENT=101 DEFAULT CHARSET=utf8 COLLATE=utf8_unicode_ci;

INSERT INTO `purchases` VALUES ('1','13','1','1','1','1','1'),
('2','0','2','2','2','2','2'),
('3','222','3','3','3','3','3'),
('4','2','4','4','4','4','4'),
('5','11','5','5','5','5','5'),
('6','227943','6','6','6','6','6'),
('7','71','7','7','7','7','7'),
('8','15945087','8','8','8','8','8'),
('9','107','9','9','9','9','9'),
('10','425161','10','10','10','10','10'),
('11','4592407','11','11','11','11','11'),
('12','285424','12','12','12','12','12'),
('13','3714','13','13','13','13','13'),
('14','48538580','14','14','14','14','14'),
('15','38552620','15','15','15','15','15'),
('16','2286995','16','16','16','16','16'),
('17','35543342','17','17','17','17','17'),
('18','3879','18','18','18','18','18'),
('19','6997','19','19','19','19','19'),
('20','6348','20','20','20','20','20'),
('21','13224708','21','21','21','21','21'),
('22','8414','22','22','22','22','22'),
('23','52331','23','23','23','23','23'),
('24','331613','24','24','24','24','24'),
('25','105','25','25','25','25','25'),
('26','19521','26','26','26','26','26'),
('27','1032','27','27','27','27','27'),
('28','17469','28','28','28','28','28'),
('29','3353','29','29','29','29','29'),
('30','48','30','30','30','30','30'),
('31','5666852','31','31','31','31','31'),
('32','0','32','32','32','32','32'),
('33','17468920','33','33','33','33','33'),
('34','533542366','34','34','34','34','34'),
('35','2','35','35','35','35','35'),
('36','0','36','36','36','36','36'),
('37','1391','37','37','37','37','37'),
('38','171453296','38','38','38','38','38'),
('39','57697299','39','39','39','39','39'),
('40','31','40','40','40','40','40'),
('41','762036','41','41','41','41','41'),
('42','301883701','42','42','42','42','42'),
('43','62479458','43','43','43','43','43'),
('44','2742','44','44','44','44','44'),
('45','19','45','45','45','45','45'),
('46','3922642','46','46','46','46','46'),
('47','3216','47','47','47','47','47'),
('48','19851','48','48','48','48','48'),
('49','436218141','49','49','49','49','49'),
('50','0','50','50','50','50','50'),
('51','68099987','51','51','51','51','51'),
('52','129474720','52','52','52','52','52'),
('53','4203950','53','53','53','53','53'),
('54','900','54','54','54','54','54'),
('55','31','55','55','55','55','55'),
('56','0','56','56','56','56','56'),
('57','1699648','57','57','57','57','57'),
('58','0','58','58','58','58','58'),
('59','2915','59','59','59','59','59'),
('60','1027071','60','60','60','60','60'),
('61','33','61','61','61','61','61'),
('62','2558346','62','62','62','62','62'),
('63','6646571','63','63','63','63','63'),
('64','969','64','64','64','64','64'),
('65','127750','65','65','65','65','65'),
('66','0','66','66','66','66','66'),
('67','0','67','67','67','67','67'),
('68','2273978','68','68','68','68','68'),
('69','39375','69','69','69','69','69'),
('70','171453','70','70','70','70','70'),
('71','6958760','71','71','71','71','71'),
('72','17124','72','72','72','72','72'),
('73','234183036','73','73','73','73','73'),
('74','2687','74','74','74','74','74'),
('75','1','75','75','75','75','75'),
('76','896','76','76','76','76','76'),
('77','1','77','77','77','77','77'),
('78','0','78','78','78','78','78'),
('79','27005519','79','79','79','79','79'),
('80','26080','80','80','80','80','80'),
('81','579578','81','81','81','81','81'),
('82','0','82','82','82','82','82'),
('83','201936','83','83','83','83','83'),
('84','546922','84','84','84','84','84'),
('85','65','85','85','85','85','85'),
('86','472','86','86','86','86','86'),
('87','888','87','87','87','87','87'),
('88','541','88','88','88','88','88'),
('89','1','89','89','89','89','89'),
('90','91980785','90','90','90','90','90'),
('91','144','91','91','91','91','91'),
('92','3940','92','92','92','92','92'),
('93','470301','93','93','93','93','93'),
('94','1694','94','94','94','94','94'),
('95','559','95','95','95','95','95'),
('96','0','96','96','96','96','96'),
('97','59601','97','97','97','97','97'),
('98','10920','98','98','98','98','98'),
('99','6','99','99','99','99','99'),
('100','0','100','100','100','100','100'); 


DROP TABLE IF EXISTS `personal_discount`;
CREATE TABLE `personal_discount` (
  `id` bigint(20) unsigned NOT NULL AUTO_INCREMENT,
  `user_id` bigint(20) unsigned NOT NULL,
  `purchases_id` bigint(20) unsigned NOT NULL,
  `discount` enum('5','7','10','15','17','20') COLLATE utf8_unicode_ci DEFAULT NULL,
  PRIMARY KEY (`id`),
  KEY `user_id` (`user_id`),
  KEY `purchases_id` (`purchases_id`),
  CONSTRAINT `personal_discount_ibfk_1` FOREIGN KEY (`user_id`) REFERENCES `users` (`id`),
  CONSTRAINT `personal_discount_ibfk_2` FOREIGN KEY (`purchases_id`) REFERENCES `purchases` (`id`)
) ENGINE=InnoDB AUTO_INCREMENT=101 DEFAULT CHARSET=utf8 COLLATE=utf8_unicode_ci;

INSERT INTO `personal_discount` VALUES ('1','1','1','17'),
('2','2','2','10'),
('3','3','3','7'),
('4','4','4','15'),
('5','5','5','20'),
('6','6','6','20'),
('7','7','7','10'),
('8','8','8','5'),
('9','9','9','7'),
('10','10','10','20'),
('11','11','11','15'),
('12','12','12','5'),
('13','13','13','17'),
('14','14','14','17'),
('15','15','15','15'),
('16','16','16','7'),
('17','17','17','15'),
('18','18','18','20'),
('19','19','19','15'),
('20','20','20','15'),
('21','21','21','10'),
('22','22','22','5'),
('23','23','23','15'),
('24','24','24','15'),
('25','25','25','20'),
('26','26','26','7'),
('27','27','27','15'),
('28','28','28','15'),
('29','29','29','17'),
('30','30','30','5'),
('31','31','31','7'),
('32','32','32','17'),
('33','33','33','15'),
('34','34','34','5'),
('35','35','35','15'),
('36','36','36','5'),
('37','37','37','20'),
('38','38','38','10'),
('39','39','39','20'),
('40','40','40','7'),
('41','41','41','7'),
('42','42','42','10'),
('43','43','43','10'),
('44','44','44','15'),
('45','45','45','5'),
('46','46','46','20'),
('47','47','47','15'),
('48','48','48','10'),
('49','49','49','10'),
('50','50','50','5'),
('51','51','51','17'),
('52','52','52','10'),
('53','53','53','20'),
('54','54','54','10'),
('55','55','55','17'),
('56','56','56','17'),
('57','57','57','10'),
('58','58','58','5'),
('59','59','59','15'),
('60','60','60','7'),
('61','61','61','20'),
('62','62','62','5'),
('63','63','63','20'),
('64','64','64','7'),
('65','65','65','17'),
('66','66','66','10'),
('67','67','67','20'),
('68','68','68','17'),
('69','69','69','7'),
('70','70','70','17'),
('71','71','71','10'),
('72','72','72','17'),
('73','73','73','15'),
('74','74','74','10'),
('75','75','75','5'),
('76','76','76','20'),
('77','77','77','10'),
('78','78','78','7'),
('79','79','79','7'),
('80','80','80','15'),
('81','81','81','17'),
('82','82','82','20'),
('83','83','83','7'),
('84','84','84','5'),
('85','85','85','17'),
('86','86','86','5'),
('87','87','87','20'),
('88','88','88','5'),
('89','89','89','20'),
('90','90','90','20'),
('91','91','91','17'),
('92','92','92','15'),
('93','93','93','15'),
('94','94','94','20'),
('95','95','95','20'),
('96','96','96','7'),
('97','97','97','10'),
('98','98','98','15'),
('99','99','99','10'),
('100','100','100','20'); 


DROP TABLE IF EXISTS `refunds`;
CREATE TABLE `refunds` (
  `id` bigint(20) unsigned NOT NULL AUTO_INCREMENT,
  `user_id` bigint(20) unsigned NOT NULL,
  `order_id` bigint(20) unsigned NOT NULL,
  `product_id` bigint(20) unsigned NOT NULL,
  `quantity` bigint(20) DEFAULT NULL,
  `payment_id` bigint(20) unsigned NOT NULL,
  `delivery_id` bigint(20) unsigned NOT NULL,
  `order_date` datetime DEFAULT NULL,
  `payment_date` datetime DEFAULT NULL,
  `refund_date` datetime DEFAULT NULL,
  `refund_payment_date` datetime DEFAULT NULL,
  `reasons` enum('не подошел размер','пересорт','брак','не устроил по качеству или внешнему виду','поздно доставлен','другое') COLLATE utf8_unicode_ci DEFAULT NULL,
  PRIMARY KEY (`id`),
  KEY `user_id` (`user_id`),
  KEY `order_id` (`order_id`),
  KEY `product_id` (`product_id`),
  KEY `payment_id` (`payment_id`),
  KEY `delivery_id` (`delivery_id`),
  CONSTRAINT `refunds_ibfk_1` FOREIGN KEY (`user_id`) REFERENCES `users` (`id`),
  CONSTRAINT `refunds_ibfk_2` FOREIGN KEY (`order_id`) REFERENCES `orders` (`id`),
  CONSTRAINT `refunds_ibfk_3` FOREIGN KEY (`product_id`) REFERENCES `products` (`id`),
  CONSTRAINT `refunds_ibfk_4` FOREIGN KEY (`payment_id`) REFERENCES `payments` (`id`),
  CONSTRAINT `refunds_ibfk_5` FOREIGN KEY (`delivery_id`) REFERENCES `delivery` (`id`)
) ENGINE=InnoDB AUTO_INCREMENT=21 DEFAULT CHARSET=utf8 COLLATE=utf8_unicode_ci;

INSERT INTO `refunds` VALUES ('1','1','1','1','16150922','1','1','1986-07-21 05:58:21','1974-09-20 22:06:48','1973-09-28 08:56:05','1977-03-31 21:21:07','не подошел размер'),
('2','2','2','2','23992709','2','2','2001-09-23 04:30:48','1991-12-07 11:50:42','2005-11-28 00:42:28','1974-05-20 06:18:43','поздно доставлен'),
('3','3','3','3','45369','3','3','2001-12-10 16:36:21','2009-01-02 05:12:03','1987-10-06 12:35:30','2001-11-20 13:36:09','брак'),
('4','4','4','4','361','4','4','1992-11-22 21:54:23','2000-07-10 02:34:13','2008-12-15 23:45:33','1980-09-22 23:03:48','другое'),
('5','5','5','5','22','5','5','2020-06-10 00:57:57','1971-10-10 15:21:39','1995-06-02 06:22:50','1982-01-08 11:18:42','поздно доставлен'),
('6','6','6','6','5546125','6','6','2004-12-27 22:19:19','2000-04-27 19:31:19','1974-01-06 16:55:14','1975-12-15 03:45:23','не подошел размер'),
('7','7','7','7','10192625','7','7','2002-11-08 12:04:14','2008-12-28 05:36:31','2012-05-22 19:39:22','2008-02-21 14:52:27','пересорт'),
('8','8','8','8','1817','8','8','2002-12-13 15:04:56','1974-04-01 21:35:39','1983-09-17 14:48:29','2012-05-13 20:33:29','пересорт'),
('9','9','9','9','77','9','9','1974-08-24 10:29:33','1983-06-05 21:59:07','1997-03-06 20:48:24','2014-08-23 14:04:53','брак'),
('10','10','10','10','675','10','10','2013-11-08 14:38:28','2003-11-29 23:36:05','1975-08-19 05:01:49','1994-01-10 13:19:53','поздно доставлен'),
('11','11','11','11','103408','11','11','2015-04-30 21:11:08','1972-04-22 00:22:50','1991-04-03 18:13:54','1980-01-31 21:45:58','пересорт'),
('12','12','12','12','246368','12','12','2010-06-12 10:08:31','2011-12-31 17:56:51','2011-10-14 07:57:52','1987-08-23 21:44:43','поздно доставлен'),
('13','13','13','13','105','13','13','1970-08-02 13:11:25','2011-12-01 11:33:33','1980-12-12 03:45:52','1975-09-18 19:12:52','другое'),
('14','14','14','14','3492','14','14','1992-10-04 02:02:19','2010-09-11 16:11:00','2009-06-29 15:07:42','1990-01-26 02:13:13','не устроил по качеству или внешнему виду'),
('15','15','15','15','1121601','15','15','2009-01-21 06:12:20','1995-04-28 01:36:05','1975-08-11 21:09:53','2011-10-31 13:06:03','пересорт'),
('16','16','16','16','6349321','16','16','2009-08-22 04:55:30','1977-05-03 17:35:41','2008-11-08 01:00:07','1989-07-16 19:00:36','брак'),
('17','17','17','17','1727860','17','17','2015-10-18 10:52:21','1993-12-29 19:23:21','1995-12-02 17:31:37','1984-12-22 09:58:47','пересорт'),
('18','18','18','18','2','18','18','2017-05-02 23:17:30','2010-07-14 15:18:05','2011-05-11 01:05:39','2015-12-16 11:33:24','не устроил по качеству или внешнему виду'),
('19','19','19','19','4130216','19','19','1994-05-27 18:30:44','1996-05-08 02:57:49','1992-05-01 02:28:23','1995-10-08 16:15:40','пересорт'),
('20','20','20','20','19272','20','20','2000-04-23 11:06:51','1984-11-10 02:35:07','2016-03-21 15:47:19','2000-08-06 16:41:41','другое'); 





/*!40101 SET SQL_MODE=@OLD_SQL_MODE */;
/*!40014 SET FOREIGN_KEY_CHECKS=@OLD_FOREIGN_KEY_CHECKS */;
/*!40014 SET UNIQUE_CHECKS=@OLD_UNIQUE_CHECKS */;
/*!40101 SET CHARACTER_SET_CLIENT=@OLD_CHARACTER_SET_CLIENT */;
/*!40101 SET CHARACTER_SET_RESULTS=@OLD_CHARACTER_SET_RESULTS */;
/*!40101 SET COLLATION_CONNECTION=@OLD_COLLATION_CONNECTION */;
/*!40111 SET SQL_NOTES=@OLD_SQL_NOTES */;

